{"mean": [12.66549796842891, 12.640364300514733, 0.06875007391635025, 12.664781252769936, 0.07789231172286198, 0.13174698390278244, 0.18215421835652806, 0.14668843792318165, 0.051128373989760535, -0.0009279710912924677, 0.007385251752385669, 0.05003204425172908, -0.0009354041741778475, 0.010040814247383283, 10.345486857494196, 0.13734099074952583, 0.41760302816313344, 6.965375422412108, 0.03347195225283767, 0.1050057405256721, 0.11282223602819545, 0.003957623775945904, 0.14653220184028265, 14.106590070370462, 0.015572168171300464, 0.4633559112471036, 13.43004626385722, 13.411669671889145, 0.05681527779876776, 13.429073809754888, 0.06252582883838642, 0.1257004917177063, 0.18077047514188613, 0.11899956883186634, 0.03209288425192764, 0.00024165465198153373, 0.008178416709471977, 0.03929705738761373, 0.00014468331074218074, 0.012287991289807189, 7.852321537890476, 0.14064686092776116, 0.42081662116449936, 6.204982240776642, 0.02815755565264249, 0.0999442397979715, 0.08956601682115718, 0.0034081835700699964, 0.12373884556555191, 11.95172113465517, 0.01001594186275117, 0.46112137349508453], "std": [7.833406745597467, 7.816652014835503, 0.155261989880576, 7.832865827186837, 0.1787728513227032, 0.16681165626447902, 0.17814902938797372, 0.33307937797362014, 1.5025449197764296, 0.879118295095236, 0.6801378283427553, 0.13087693214661134, 0.9266782185064618, 0.8561075583592662, 47.95925324652083, 0.17033792452394245, 0.41798822899546145, 74.06707841058304, 0.08736828469165499, 0.1733719916209593, 0.2723176526827357, 0.008531659252228192, 0.2979896805488966, 56.95311962903568, 0.7321614614058322, 0.44794327280582447, 6.912749736129914, 6.902532405485071, 0.12759468139518554, 6.912348647441686, 0.14411230732940222, 0.16579679603221043, 0.17848123838997798, 0.2712840507193597, 1.417942857056414, 0.5320464557045742, 0.5485941146539944, 0.10666748583380596, 0.4881292985783857, 0.8351081699204586, 35.875860463584296, 0.17212377679519042, 0.4245884573342268, 67.1133820767829, 0.07191168507389296, 0.17088946464936408, 0.21820078418177002, 0.007292968273635073, 0.2654829266701144, 47.817254161506895, 0.7099104490340097, 0.45102319023004733]}