{"mean": [14.321848025293804, 14.281266476224447, 0.11401349944908495, 14.323803398219823, 0.12671545781088428, 0.17246069960004873, 0.24634666304863584, 0.24154326515868924, 0.04397505847667393, -0.0005448926852463285, 0.007433362441743202, 0.08162197673628095, -0.0004833331841929397, 0.006240702641587465, 22.879012711051654, 0.1885339063762534, 0.565092001459642, 10.640113344125412, 0.055684719199460185, 0.1420621587899492, 0.18406459854968643, 0.0067091769389674245, 0.19520508557587105, 30.719796013114323, -0.0022113095240728392, 0.6231608777617464, 13.83321730102229, 13.80621830697065, 0.09018040910928322, 13.832664876498109, 0.09760824818620537, 0.16410561765353432, 0.24371139528620953, 0.18709776522708615, 0.03699474394637358, -0.00018519422727385554, 0.007072963787768915, 0.06048538349520028, -7.460521448865592e-05, 0.007939053725583515, 15.48224830065291, 0.19098885494648246, 0.5656791904422741, 7.7147508185137745, 0.0446585457267012, 0.1356080561336034, 0.14031851364478456, 0.005560471323436262, 0.16727520343334168, 23.56939722101078, 0.008761035747408132, 0.6162461523427344], "std": [6.270256885102012, 6.250107136453172, 0.18018809166437727, 6.271089498177696, 0.20563257020378162, 0.1705141076009181, 0.1674408734082243, 0.38587179102267555, 1.7670246281060407, 0.4910529317730695, 0.48834411423870144, 0.15544416166073718, 0.5081463691419407, 0.8783943682768435, 79.53199163212933, 0.17792546946689422, 0.39808797062622625, 112.38581378580481, 0.1050881368464711, 0.19204398540943318, 0.31304137112228236, 0.010185299053403525, 0.33132192592034815, 89.43677772733567, 0.8685446761754478, 0.41743503940527615, 5.868765581053165, 5.855590078573578, 0.14092428916176952, 5.868846842534038, 0.15809719787690202, 0.17099572607570462, 0.16924804329567242, 0.2969468165096404, 1.6892104580335665, 0.6165149298514049, 0.4950873391700658, 0.11952083803945797, 0.5174428824756869, 1.4008518920168491, 52.80754627966509, 0.1786709704049217, 0.4061462705916099, 84.14830833225088, 0.08246604594454622, 0.19060122189601947, 0.24019124675580453, 0.008388280165668479, 0.3109350804567292, 68.07547114625034, 0.8468856100508119, 0.4234450719258861]}