{"mean": [12.982271756420277, 12.955981178419341, 0.07345863587375803, 12.983170298545687, 0.08374468327681611, 0.13361748315755417, 0.18583153757359283, 0.15770245946956893, 0.036780631170032226, -0.00033176966781749015, 0.006398098778693034, 0.05324376452918802, -0.0004239227245362183, 0.0062232464934754185, 12.996238823163214, 0.14061481203784781, 0.42638424091238103, 8.117753523939133, 0.036595939915730194, 0.10493162569058682, 0.12064526646080626, 0.004273124105014993, 0.1506323172825824, 17.561086758941745, 0.0037782248531524737, 0.4728703081237283, 12.739058354350167, 12.721388175982229, 0.05845291793661571, 12.738635019015074, 0.06466812981057583, 0.12756596388807645, 0.18428674416519952, 0.12284993694410841, 0.030201650599340286, -0.00014740892874851212, 0.006507106163982083, 0.03962894978971103, -2.377683573138196e-05, 0.007998568614000211, 8.635054101707244, 0.14269958883791797, 0.4272028319656343, 6.015954948470758, 0.029608305998380508, 0.10034962584517229, 0.09199171151887191, 0.003555260505532007, 0.12629736895456084, 13.343638500321225, 0.007462370735576305, 0.46803615102894947], "std": [7.397743835128973, 7.380942921727133, 0.15687377406265363, 7.398105178008884, 0.18288613483400695, 0.16760768218137564, 0.17831296898121854, 0.3391440562081641, 1.4791737317914864, 0.7371686170377723, 0.8466199727516024, 0.13280746237949353, 0.8913071061198113, 0.8118005827334908, 58.78862075481208, 0.17075662645791248, 0.41894209744682886, 95.96358603182978, 0.09005747716541278, 0.172153158962652, 0.2758954361616687, 0.0087351850744948, 0.29948721469781514, 67.8703657312056, 0.7309772095767006, 0.448454298724874, 7.1020261018652855, 7.091260389305381, 0.1249990728015759, 7.1018639260482095, 0.1423598138308259, 0.16657305201081274, 0.1791756684988263, 0.26549012357448, 1.4116010591789043, 0.6692154988213539, 1.1560593435184723, 0.10326784411425946, 0.6259939389178216, 1.1968299721546145, 39.43345801501988, 0.17192073429796537, 0.42486441269533604, 70.98057386272397, 0.07206109778792046, 0.17044115046423733, 0.21362479966933368, 0.0072704572524168445, 0.2690794641373564, 51.92567815869003, 0.7137096364980492, 0.45110112492578536]}