ra,dec,mag,proper
0.017941,-48.809876,5.71,
0.022255,-50.337373,5.53,
0.026616,-77.065724,4.78,
0.026949,61.222801,5.58,
0.030402,-3.027504,5.13,
0.032672,-6.014072,4.37,
0.036139,27.082256,5.8,
0.038867,-29.720414,5.04,
0.041584,8.485463,5.7,
0.043357,66.098966,5.87,
0.06233,-17.335988,4.55,
0.070462,62.287664,5.9,
0.072165,-16.529036,5.78,
0.075033,-10.509523,4.99,
0.078131,-71.436891,5.59,
0.078304,67.166445,5.68,
0.085039,61.31397,5.8,
0.088928,-5.707618,4.61,
0.094989,13.396266,5.55,
0.104356,58.436733,5.98,
0.105277,-49.075191,5.7,
0.10737,64.196168,5.57,
0.129693,-22.50856,5.93,
0.134303,-33.529326,5.67,
0.138204,-8.824112,5.99,
0.139791,29.090432,2.07,Alpheratz
0.150672,18.211963,5.57,
0.152887,59.14978,2.28,Caph
0.155851,-27.987928,5.42,
0.156836,-45.747426,3.88,
0.167278,11.145813,5.54,
0.167293,-82.224047,5.29,
0.171908,-5.248588,5.84,
0.172012,46.072272,5.01,
0.178565,-12.579897,5.84,
0.187739,-15.467977,4.89,
0.192894,-27.799737,5.41,
0.195552,-35.133119,5.24,
0.202773,-17.938278,5.29,
0.220598,15.183596,2.83,Algenib
0.222099,-84.993978,5.78,
0.22524,41.03537,5.71,
0.228401,-26.022345,5.94,
0.241008,-7.780532,5.13,
0.243378,20.206702,4.79,
0.244005,-18.932866,4.44,
0.248476,-9.569571,5.77,
0.269126,-31.446394,5.66,
0.282513,61.533185,5.74,
0.284863,38.681636,4.61,
0.285845,47.947405,5.86,
0.305463,36.785224,4.51,
0.310625,31.517227,5.88,
0.323799,-8.823921,3.56,
0.334142,-64.874791,4.23,
0.340111,30.935614,5.89,
0.343295,8.190271,5.38,
0.344178,-69.624913,5.5,
0.345978,32.911186,5.79,
0.352017,37.968603,5.16,
0.357986,-77.426873,5.96,
0.358665,-28.981469,5.18,
0.362853,-20.058024,5.61,
0.404348,52.019914,5.58,
0.413193,61.831057,5.38,
0.418445,53.046786,5.72,
0.423391,1.939692,5.77,
0.427916,-77.254247,2.82,
0.436716,-43.679829,3.93,
0.438056,-42.305981,2.4,Ankaa
0.454085,-25.54717,5.99,
0.465472,-33.007167,4.86,
0.467475,17.893125,5.01,
0.470454,44.394452,5.18,
0.474027,-39.915002,5.42,
0.500655,-3.957332,5.72,
0.502045,29.751557,5.2,
0.505534,59.977554,5.94,
0.506293,-23.78768,5.17,
0.507242,-48.21491,5.67,
0.523594,-48.803514,4.76,
0.523787,33.581642,5.88,
0.525725,-62.958218,4.36,
0.525946,-62.965561,4.53,
0.528105,52.839526,5.59,
0.529539,54.522289,4.74,
0.539939,6.955463,5.69,
0.543189,20.294316,5.38,
0.545512,-63.0315,5.07,
0.549997,62.931783,4.17,
0.552879,54.894985,5.93,
0.561401,-29.558278,5.55,
0.574374,-52.37309,5.57,
0.587466,-3.592846,5.2,
0.592454,-0.50561,5.94,
0.594767,-48.000907,5.51,
0.602306,54.16845,5.08,
0.607595,60.326215,5.78,
0.612903,44.488587,5.14,
0.613142,15.231725,5.89,
0.61468,33.719344,4.34,
0.616188,53.896909,3.69,Fulu
0.622393,-24.767267,5.57,
0.622561,35.399501,5.45,
0.642602,29.311751,4.34,
0.652748,49.354589,5.45,
0.655462,30.861024,3.27,
0.656063,21.250472,5.88,
0.665436,21.438495,5.36,
0.673659,-59.454604,5.89,
0.675116,56.537331,2.24,Schedar
0.678437,-4.351841,5.9,
0.68533,39.458664,5.3,
0.688766,-46.085007,4.59,
0.69621,-56.501315,5.72,
0.700953,66.147592,5.83,
0.701081,50.512526,4.8,
0.707869,-65.46803,5.38,
0.711609,-60.262807,5.99,
0.722567,-57.46306,4.36,
0.724466,47.024546,4.95,
0.72649,-17.986605,2.04,Diphda
0.7365,-10.60955,4.77,
0.736683,-38.421686,5.9,
0.740612,47.863984,5.66,
0.74542,48.284364,4.48,
0.745666,-22.006135,5.22,
0.749187,-42.676558,5.94,
0.754774,55.221396,5.41,
0.760862,74.988073,5.64,
0.76265,-47.551985,5.8,
0.769929,-22.522097,5.49,
0.775822,15.475504,5.36,
0.783738,11.973849,5.51,
0.788981,24.267178,4.08,
0.789898,6.740956,5.98,
0.795339,-18.061339,5.7,
0.796119,74.847573,5.42,
0.800296,-21.722492,5.57,
0.802487,72.674482,5.86,
0.804836,7.299928,5.92,
0.806382,5.280615,5.74,96 G. Psc
0.809777,-74.923438,5.09,
0.811373,7.585079,4.44,
0.813892,50.968168,4.9,
0.816308,16.940644,5.07,
0.81826,57.815187,3.46,Achird
0.82054,-24.136672,5.9,
0.823782,-13.561274,5.59,
0.830234,41.078911,4.53,
0.831433,27.710286,5.55,
0.835443,-10.644326,5.17,
0.844768,-50.986816,5.24,
0.845442,64.247549,5.35,
0.877951,-24.005844,5.47,
0.883471,-1.14426,4.78,
0.884511,61.12397,4.8,
0.893839,-62.871352,5.73,
0.909785,19.188417,5.8,
0.914667,83.707435,5.59,
0.916139,23.628335,5.46,
0.916715,58.972698,4.83,
0.916751,-69.527084,5.45,
0.928444,-7.347149,5.88,
0.933747,-11.266526,5.35,
0.944432,59.181056,4.62,Castula
0.945143,60.71674,2.15,Cih
0.945885,38.499345,3.86,
0.946377,60.362836,5.56,
0.953445,23.417648,4.4,
0.963931,28.992217,5.44,
0.970615,33.950885,5.99,
0.975285,66.351793,5.97,
0.976766,-29.357449,4.3,
0.978852,-11.379975,5.62,
1.000988,44.713243,5.69,
1.02174,-38.916527,5.59,
1.040674,-31.552005,5.5,
1.046971,31.804263,5.5,
1.046997,-46.397311,5.39,
1.048407,41.345157,5.95,
1.049058,7.890135,4.27,
1.050705,-4.836601,5.4,
1.06028,61.074823,5.92,
1.06733,52.502161,5.99,
1.072084,61.580184,5.83,
1.084821,14.946133,5.64,
1.094709,21.473181,5.33,
1.094919,21.465442,5.55,
1.101407,-46.718414,3.32,
1.10143,-9.839354,5.58,
1.121838,-61.775289,5.36,
1.129502,-9.78555,5.71,
1.129957,-41.486916,5.21,
1.132544,20.739113,5.56,
1.133559,43.942092,5.04,
1.137477,54.92034,5.17,
1.1395,5.649819,5.51,
1.139742,-55.24576,3.94,Wurren
1.142627,58.263449,5.77,
1.143164,-10.182264,3.46,
1.145613,86.25709,4.24,
1.158368,47.241792,4.26,
1.162194,35.620558,2.07,Mirach
1.163667,19.658408,5.57,
1.17188,42.081475,5.67,
1.17207,25.457763,5.81,
1.175987,2.44567,5.97,
1.177579,68.778621,5.32,
1.185017,55.149901,4.34,
1.185213,31.424736,5.15,
1.186189,37.724121,5.8,
1.190428,64.202677,5.56,
1.190894,21.03465,4.66,
1.194342,30.089638,4.51,
1.194829,65.018854,5.57,
1.195419,-2.251079,5.93,
1.204601,79.673963,5.6,
1.212616,-37.856479,5.95,
1.228857,7.575354,5.21,Revati
1.229152,24.583713,4.67,
1.235453,16.133479,5.97,
1.240011,-7.922826,5.14,
1.246992,-0.973795,5.7,
1.253043,-45.531664,4.97,
1.262704,-68.875927,4.25,
1.269972,71.743842,5.87,
1.276747,-2.500368,5.42,
1.296654,3.614466,5.13,
1.324443,27.264059,4.74,
1.330082,-0.509029,5.87,
1.334699,58.231611,4.95,
1.352047,28.738207,5.23,
1.372337,45.528778,4.87,Adhil
1.390264,20.468967,5.97,
1.391933,-30.945617,5.84,
1.394612,37.714943,5.6,
1.40039,-8.183257,3.6,
1.405695,-6.914656,5.92,
1.411329,-41.492549,5.42,
1.418136,-64.369478,5.92,
1.427009,-14.598796,4.9,
1.430216,60.235283,2.66,Ruchbah
1.432208,68.130012,4.72,
1.437573,19.172346,5.35,
1.438517,43.457739,5.98,
1.44491,19.240422,5.5,
1.447657,-13.056512,5.51,
1.460915,45.406687,4.83,
1.472759,-43.318234,3.41,
1.49337,-21.629339,5.11,
1.501695,47.007274,5.27,
1.503087,6.14382,4.84,
1.506362,-26.207851,5.92,
1.520444,70.264604,5.82,
1.520851,-49.072702,3.93,
1.524725,15.345823,3.62,Alpherg
1.52868,-30.283081,5.79,
1.548903,-36.865231,5.49,
1.557142,58.327334,5.69,
1.561899,-7.025341,5.75,
1.565528,59.23204,4.68,
1.571279,37.237146,5.9,
1.57716,-15.676359,5.62,
1.580296,18.460512,5.9,
1.598542,17.433841,5.95,
1.599713,-15.400183,5.41,
1.602361,-29.907317,5.69,
1.613299,41.405459,4.1,Titawin
1.61831,12.141535,5.54,
1.624389,-84.769593,5.66,
1.628556,-57.236757,0.45,Achernar
1.631959,-82.974995,5.88,
1.633205,48.628213,3.59,Nembus
1.635435,57.977631,5.55,
1.640968,-36.528251,5.94,
1.641926,73.04004,5.28,
1.647718,-21.275384,5.58,
1.655835,44.386165,5.01,
1.661338,16.405858,5.98,
1.663169,-56.1964,5.76,p Eridani
1.676337,40.577049,4.96,
1.677674,43.297687,5.63,
1.690526,5.487613,4.45,
1.694233,30.04712,5.97,
1.695787,-11.324669,5.75,
1.696383,42.613369,4.96,
1.696655,-60.789339,5.7,
1.700833,-36.832305,5.7,
1.700968,35.245707,5.63,
1.702389,-32.32697,5.25,
1.705688,68.043021,5.57,
1.708125,-53.740834,5.52,
1.70827,20.268504,5.24,
1.712086,-3.6902,4.98,
1.715493,70.622526,5.18,
1.722151,60.551332,5.78,
1.727675,50.688732,4.01,
1.734479,-15.93748,3.49,
1.756564,9.157736,4.26,Torcular
1.760763,-25.05261,5.29,
1.766461,-5.733299,5.37,
1.76832,-50.816256,5.49,
1.768392,-53.522037,5.04,
1.795668,63.852501,5.63,
1.803038,16.955551,5.86,
1.807227,3.685447,5.91,
1.810808,37.95287,5.94,
1.81155,32.69021,5.78,
1.826418,-10.68641,4.66,
1.835714,22.275338,5.83,
1.84777,11.043378,5.92,
1.848459,-50.206138,5.94,
1.849198,51.933417,5.96,
1.857676,-10.335038,3.74,Baten Kaitos
1.866476,55.147385,5.53,
1.869268,50.792794,5.7,
1.881142,-16.92925,5.78,
1.884696,29.578829,3.42,Mothallah
1.888152,40.72979,5.42,
1.89217,19.293852,3.88,Mesarthim
1.892597,3.187536,4.61,
1.894102,-46.302669,4.39,
1.906122,-42.49695,5.12,
1.906584,63.670101,3.35,Segin
1.910668,20.808035,2.64,Sheratan
1.915572,-67.647303,4.68,
1.930844,23.577322,5.76,
1.9318,37.277786,5.89,
1.932564,-51.608896,3.69,
1.933337,68.685242,4.97,
1.935927,37.25183,5.69,
1.944499,-22.526785,4.92,
1.952792,-47.385277,4.82,
1.955848,17.817532,5.09,
1.962151,27.804381,5.84,
1.965478,23.596061,4.79,
1.975973,49.204352,5.7,
1.979451,-61.569859,2.86,
1.993244,21.05857,5.89,
1.993892,64.621602,5.29,
1.994118,-42.030532,5.57,
1.996166,-20.824539,5.43,
2.000084,-21.077831,3.99,
2.002544,3.097015,5.89,
2.007451,-8.523873,5.43,
2.020759,-30.00183,5.34,
2.02844,-44.713509,5.15,
2.032644,70.90702,4.49,
2.034117,2.763759,3.82,Alrescha
2.038359,54.487541,4.99,
2.043077,13.476716,5.97,
2.049433,33.284135,5.5,
2.049602,-15.305932,5.87,
2.050052,64.390018,5.59,
2.053236,0.128507,5.42,
2.057268,72.421294,3.95,
2.060927,25.935471,5.64,
2.061247,-4.103516,5.61,
2.063381,-0.340251,5.96,
2.064984,42.329725,2.1,Almach
2.074844,-29.296819,4.68,
2.085315,77.281341,5.27,
2.092103,76.11506,5.22,
2.109423,22.648317,5.03,
2.119555,23.462423,2.01,Hamal
2.141454,37.859077,4.78,
2.144606,58.423601,5.66,
2.152584,-43.516596,5.84,
2.157036,25.939892,4.98,
2.159058,34.987297,3.0,
2.177109,19.500338,5.68,
2.189189,8.569805,5.64,
2.193287,-1.825429,5.94,
2.206191,30.303067,4.94,
2.210427,24.167778,5.96,
2.213206,-2.393637,5.65,
2.213355,21.210993,5.23,
2.21513,-30.723825,5.27,
2.216665,8.846717,4.36,
2.21694,-21.000137,5.86,
2.217584,15.27986,5.72,
2.220369,44.231652,4.84,
2.226728,51.065818,5.31,
2.237366,-67.841441,5.57,
2.242208,-41.166765,5.91,
2.25794,-67.746366,5.67,
2.261884,25.043043,5.57,
2.262789,25.782937,5.79,
2.265635,33.358895,5.25,
2.275154,-51.512165,3.56,
2.283068,-6.422116,5.51,
2.284191,34.224231,4.84,
2.288573,33.847194,4.03,
2.29996,57.89982,5.75,
2.3004,1.757802,5.6,
2.301275,57.516321,5.99,
2.302094,19.901164,5.58,
2.315831,28.642674,5.29,
2.321337,47.379973,5.31,
2.331739,-55.944796,5.81,
2.349499,50.151466,5.57,
2.362498,-68.659418,4.08,
2.36573,0.395675,5.29,
2.367092,-10.777534,5.43,
2.368051,-17.662169,5.89,
2.37011,-0.884852,5.42,
2.372621,55.845653,5.16,
2.375704,-23.816326,5.19,
2.380644,41.396297,5.81,
2.38123,-73.645792,5.99,
2.381852,-51.092129,5.9,
2.406919,50.006546,5.19,
2.413627,10.610565,5.48,
2.414987,-60.311947,5.36,
2.42706,50.278631,4.73,
2.432501,-12.29048,4.88,
2.433431,-15.341247,5.88,
2.443115,-20.042617,5.89,
2.449755,-47.70384,4.24,
2.457715,31.80128,5.55,
2.467139,-33.811039,5.13,
2.469317,8.460054,4.3,
2.469439,29.66933,5.29,
2.480139,29.93176,5.89,
2.484437,67.402474,4.46,
2.508986,25.235036,5.88,
2.525027,2.267182,5.27,
2.527834,-79.109382,5.27,
2.52975,89.264109,1.97,Polaris
2.534786,-15.244677,4.74,
2.535045,36.147271,5.15,
2.53595,-1.034896,5.36,
2.547952,34.54241,5.84,
2.551952,-34.649967,5.91,
2.564085,-28.232343,4.96,
2.578507,-7.859445,5.74,
2.594095,37.312263,5.72,
2.596336,34.687558,5.38,
2.597909,5.593246,4.87,
2.600013,-7.831597,5.53,
2.601357,6.88687,5.79,268 G. Cet
2.602574,-30.044978,5.74,
2.609742,7.730026,5.81,
2.610531,12.447639,5.64,
2.615879,38.733581,5.91,
2.616281,-34.577977,5.78,
2.623425,-52.543086,5.3,
2.626676,65.745336,5.8,
2.628278,-3.396175,5.65,
2.633909,72.818252,5.17,
2.638515,-30.194062,5.84,
2.646943,21.961408,5.45,
2.658044,0.328511,4.08,
2.659398,-11.872156,4.83,
2.659799,-68.266946,4.12,
2.663326,-42.89167,4.74,
2.670117,-9.452875,5.79,
2.677666,-54.549911,5.21,
2.677781,-39.855375,4.11,
2.678075,27.060943,5.3,
2.687222,-0.695653,5.72,
2.692814,-14.549276,5.98,
2.701834,-38.383686,5.99,
2.704144,40.193944,4.91,
2.706094,20.011465,5.74,
2.709265,-50.800294,5.4,
2.716528,53.526105,5.85,
2.717451,55.106019,5.76,
2.721678,3.235818,3.47,Kaffaljidhma
2.724198,27.707146,4.65,
2.734766,44.29704,5.43,
2.735375,-13.858696,4.24,
2.736634,49.228448,4.1,
2.742493,15.311862,5.78,
2.747133,67.82463,5.95,
2.749039,10.114146,4.27,
2.749328,12.445761,5.17,
2.751715,-18.572563,4.47,
2.757629,-63.704553,5.73,
2.759048,-67.616617,4.83,
2.796568,81.448475,5.8,
2.79848,29.247118,4.52,Lilii Borea
2.808913,18.28379,5.83,
2.81275,25.188064,5.89,
2.817062,-62.806521,5.25,
2.818169,-32.405898,4.45,
2.821544,17.464309,5.26,
2.831716,-27.941981,5.39,
2.833063,27.260507,3.61,Bharani
2.837438,-35.843636,5.92,
2.841255,-75.066947,4.76,
2.843063,38.318644,4.22,
2.844557,-35.675849,5.48,
2.844945,55.895496,3.77,Miram
2.850645,-21.004019,4.76,Angetenar
2.858218,15.082071,5.52,
2.858566,35.059741,4.56,
2.861594,46.841939,5.86,
2.866319,68.888497,5.94,
2.892885,-38.437004,5.93,
2.893144,-22.376308,5.93,
2.895168,38.337488,5.34,
2.904295,52.762479,3.93,
2.930138,18.33164,5.76,
2.932452,61.521138,5.59,
2.937158,8.381563,5.97,
2.940458,-8.898144,3.89,Azha
2.940596,18.023119,5.58,
2.943729,-3.71232,5.16,
2.954801,31.934219,5.1,
2.9566,-23.862164,5.44,
2.968114,20.668733,5.8,
2.968258,-23.606012,5.82,
2.971023,-40.304672,2.88,Acamar
2.978355,-2.782877,5.22,
2.979352,39.662728,4.68,
2.979939,-64.071284,4.98,
2.984356,35.183128,4.94,
2.986868,21.340429,4.63,
2.993381,-25.274133,5.69,
2.99441,41.032941,5.89,
2.994767,-2.464952,5.56,
2.99525,8.907365,4.71,
2.997164,47.220693,5.47,
3.012261,10.870388,5.93,
3.014501,52.351744,5.24,
3.019451,-7.663012,5.75,
3.027115,-28.091554,5.88,
3.031706,26.462354,5.91,
3.032255,-9.961407,5.84,
3.037615,-71.902457,5.51,
3.037992,4.089734,2.54,Menkar
3.039588,4.352884,5.62,
3.039863,-23.624472,4.08,
3.045076,-7.685472,5.32,
3.048849,-46.975036,5.81,
3.060239,-59.737775,5.12,
3.071254,-7.600857,5.26,
3.079942,53.50644,2.91,
3.08627,38.840274,3.32,
3.090747,25.255174,5.45,
3.092338,56.705719,4.77,
3.102203,79.418535,5.49,
3.106579,13.18725,5.64,
3.109303,-6.088555,5.23,
3.121947,64.057594,5.89,
3.125541,-78.989244,5.67,
3.136148,40.955648,2.09,Algol
3.151005,49.613278,4.05,
3.158258,44.857544,3.79,Misam
3.160206,29.07708,5.74,
3.177443,11.872627,5.97,
3.188163,39.611582,4.61,
3.193822,19.726677,4.35,Botein
3.195229,81.47071,5.92,
3.198957,74.393659,4.85,
3.201249,-28.987618,3.8,Dalim
3.203957,27.256968,5.78,
3.207146,-44.41966,5.92,
3.207324,6.660883,5.55,
3.209209,-57.321549,5.71,
3.212899,-1.196101,5.07,
3.223297,48.176953,5.93,
3.24836,21.044441,4.87,
3.255677,30.556689,5.61,
3.263325,57.14062,5.79,
3.263896,-8.81973,4.8,Zibal
3.265951,-77.388454,5.51,
3.270057,50.937664,5.04,
3.276442,32.184018,5.98,
3.290722,-47.751664,5.84,
3.295903,-62.575322,5.53,
3.296042,39.283373,5.97,
3.296485,44.025024,5.49,
3.300717,-28.797075,5.93,
3.303309,-62.506363,5.24,
3.30614,-22.511118,4.86,
3.306229,-0.930288,5.62,
3.310482,50.222174,5.16,
3.311429,-18.559794,5.72,
3.312174,34.222653,4.85,
3.318787,50.094966,5.05,
3.322693,3.370198,4.84,
3.325278,-21.757864,3.7,
3.326363,-24.122902,5.63,
3.331944,-43.069784,4.26,82 G. Eri
3.332166,27.071134,5.91,
3.333129,65.652292,4.74,
3.338783,77.73474,5.44,
3.338989,29.048458,4.47,
3.35189,3.67562,5.7,
3.353784,21.147086,5.27,
3.35667,-23.635135,5.5,
3.357381,43.329651,4.96,
3.364577,49.070905,5.94,
3.36997,27.607553,5.55,
3.379234,20.742069,5.1,
3.386997,49.213269,5.32,
3.405132,24.724063,5.5,
3.405378,49.86118,1.79,Mirfak
3.408249,33.535962,5.78,
3.411267,64.585996,5.13,
3.413554,9.02887,3.61,
3.426737,-69.336436,5.96,
3.43959,-27.317479,5.93,
3.45282,9.73268,3.73,
3.459281,-35.681323,5.71,
3.46693,-11.2866,5.74,
3.467517,49.062866,4.99,
3.472416,33.807557,5.72,
3.4812,49.848384,5.58,
3.484482,59.94033,4.21,
3.489456,49.508948,4.67,
3.489558,-62.937527,4.71,
3.493341,-12.674737,5.57,
3.49854,58.87875,4.55,
3.498656,-42.634256,5.76,
3.4997,-78.35185,5.68,
3.500057,55.451808,5.09,
3.506797,11.336442,5.14,
3.509579,47.995216,4.36,
3.51026,-47.375125,5.98,
3.510262,48.103596,5.82,
3.510294,-5.075145,4.74,
3.512617,6.188703,5.93,
3.514359,-66.489714,5.81,
3.514549,12.936678,4.14,
3.535721,48.023476,5.47,
3.53882,84.91104,5.62,
3.540631,46.056862,5.3,
3.542992,-50.378646,5.67,
3.543319,9.373438,5.76,
3.544449,35.461729,5.91,
3.548848,-9.458262,3.72,Ran
3.559731,39.899478,5.79,
3.560855,54.974857,5.98,
3.563132,-21.632883,4.26,
3.574062,24.464393,5.95,
3.599352,-11.193782,5.56,
3.604837,-17.467064,5.24,
3.608159,48.192634,4.32,
3.613136,0.587758,5.82,
3.614551,0.401662,4.29,
3.618244,-40.274545,4.57,
3.641459,-7.391863,5.86,
3.65031,-5.62621,5.97,
3.664201,3.056863,5.55,
3.677315,-5.210706,5.53,
3.685515,37.580198,5.55,
3.702594,63.216806,5.06,
3.704139,-31.938361,4.99,
3.705263,19.700254,5.68,
3.706291,33.965026,4.97,
3.711871,59.969391,5.74,
3.713908,-37.313518,4.59,
3.715416,47.787551,3.01,
3.720806,-9.763395,3.52,Rana
3.726065,-10.485661,5.59,
3.736593,-64.806903,3.84,
3.738648,32.288248,3.84,Atik
3.741808,-1.163091,5.24,
3.742062,36.460103,5.6,
3.746726,24.28947,5.45,Celaeno
3.747927,24.113339,3.72,Electra
3.749027,-0.29672,5.56,
3.752705,24.83926,5.66,
3.753232,42.578549,3.77,
3.75347,24.467278,4.3,Taygeta
3.75441,-47.359476,5.72,
3.761234,6.049991,5.34,
3.763779,24.367748,3.87,Maia
3.765132,24.554511,5.76,Asterope
3.76646,45.681899,5.66,
3.766907,67.201605,5.79,
3.767314,63.345047,4.78,
3.769037,-12.101589,4.43,
3.769267,6.80352,5.91,
3.772104,23.948358,4.14,Merope
3.774286,-29.338157,5.91,
3.780804,-23.249723,4.22,
3.787295,-74.238962,3.26,
3.79141,24.105137,2.85,Alcyone
3.794347,-23.874677,5.24,
3.7989,-30.167882,5.52,
3.804519,11.143294,5.08,
3.805782,23.42125,5.44,
3.809918,-20.902977,5.81,
3.809963,-37.620155,4.3,
3.810821,0.227857,5.91,
3.818922,43.963095,5.95,
3.819373,24.053415,3.62,Atlas
3.819782,24.136712,5.05,Pleione
3.820476,70.87105,5.4,
3.824237,-36.20025,4.17,
3.825357,65.525972,4.39,
3.825748,33.091382,5.14,
3.826836,63.296967,5.82,
3.834564,44.967856,5.65,
3.838593,25.579362,5.24,
3.839302,71.332266,4.59,
3.864922,34.359119,5.78,
3.86673,6.534907,5.66,
3.878238,-5.361259,5.48,
3.886123,17.327083,5.97,
3.892587,-46.893674,5.93,
3.894081,48.650495,5.76,
3.894151,-34.732297,5.11,
3.895195,-24.61223,4.64,
3.895345,57.975141,5.8,
3.9022,31.883635,2.84,
3.904862,-2.95473,4.46,
3.906435,-40.357009,5.7,
3.921147,-12.099105,5.99,
3.932824,47.87142,5.39,
3.941303,35.080899,5.49,
3.94347,50.695381,5.28,
3.947798,22.477971,5.62,
3.952303,61.108883,4.99,
3.957067,63.072264,4.95,
3.96423,40.010215,2.9,
3.967157,-13.508515,2.97,Zaurak
3.979095,-61.400185,4.56,
3.981221,-5.469947,5.85,
3.98275,35.791033,3.98,Menkib
3.991703,-12.574425,5.61,
3.998745,-24.016215,4.62,
4.011292,-30.490697,5.93,
4.011338,12.490347,3.41,
4.013545,18.194,5.89,
4.014946,-62.159284,4.48,
4.021697,-61.078822,4.97,
4.025569,-1.54966,5.28,
4.029482,9.998017,5.67,
4.04354,-0.268923,5.38,
4.052606,5.989305,3.91,
4.06239,5.435624,5.32,
4.065723,8.197269,5.45,
4.06941,2.826947,5.36,
4.072687,24.105993,5.46,
4.072977,-12.792295,5.62,
4.074212,59.155507,5.0,
4.078253,22.081926,4.36,
4.088958,22.008905,5.9,
4.093728,-27.651807,5.59,
4.100882,68.679972,5.88,
4.109735,50.351262,4.25,
4.110114,27.599903,5.18,
4.116795,29.001299,5.21,
4.133171,17.339897,5.89,
4.143497,38.039733,5.52,
4.144357,47.712513,3.96,
4.150436,13.398281,5.94,
4.152768,19.609217,5.51,
4.154954,-16.385875,5.45,
4.166752,86.626139,5.84,
4.167439,80.698681,5.1,
4.172923,-6.923852,5.44,
4.179935,-8.819814,5.7,
4.180517,26.480952,5.39,
4.180708,-41.993573,4.93,
4.183061,33.586792,5.75,
4.188967,5.523047,5.71,
4.193389,-20.356157,5.8,
4.197761,-6.837581,4.04,Beid
4.225862,7.716045,5.29,
4.232329,9.263824,4.84,
4.233363,-42.294368,3.85,
4.239914,-10.256283,4.87,
4.240404,-62.473858,3.33,
4.243398,10.011406,5.22,
4.246819,-62.191811,5.45,
4.248143,40.483671,4.67,
4.248295,48.409331,4.12,
4.254537,-7.652871,4.43,Keid
4.258905,8.892357,4.27,
4.267097,-51.486648,4.26,
4.274738,-59.302156,4.44,
4.278638,53.611799,5.2,
4.281542,61.849989,5.69,
4.28558,57.860355,5.72,
4.287684,20.578591,4.93,
4.288673,-6.472177,5.95,
4.294519,-63.255405,5.88,
4.298237,-33.798348,3.55,
4.299776,-80.214033,5.67,
4.304056,50.295502,4.6,
4.306444,21.579297,5.64,
4.320339,50.048695,5.46,
4.321301,-44.267919,5.33,
4.323916,21.142307,5.5,
4.326862,21.773491,5.34,
4.329889,15.627642,3.65,Prima Hyadum
4.332695,14.035201,5.58,
4.336531,50.920933,5.55,
4.337341,41.80807,5.95,
4.339227,27.350754,4.97,
4.340178,34.566725,4.93,
4.343419,15.095453,5.26,
4.34417,-20.639622,5.38,
4.344541,65.140441,5.26,
4.34479,6.130798,5.76,
4.345232,-7.592493,5.85,
4.349455,-81.57992,5.78,
4.357511,-0.09817,5.86,
4.359211,46.498878,4.8,
4.363227,60.735625,5.4,
4.364392,56.506317,5.91,
4.364796,-63.386391,5.24,
4.367643,14.077198,5.72,
4.372981,20.821416,5.91,
4.376373,25.629314,5.38,
4.382247,17.542514,3.77,Secunda Hyadum
4.384909,-24.892157,5.81,
4.390294,16.77726,5.64,
4.394681,-3.74547,5.17,
4.397729,9.460968,5.1,
4.400613,-34.016846,3.97,Beemim
4.401599,17.44413,4.8,
4.408098,34.130758,5.73,
4.410404,33.959686,5.77,
4.415868,19.042013,5.97,
4.418153,-61.238193,5.94,
4.422822,22.293874,4.21,
4.423614,22.199998,5.27,
4.424828,17.92791,4.3,
4.435084,31.438911,5.29,
4.438461,22.813583,4.28,
4.439094,15.618265,4.48,
4.443437,14.713782,4.69,
4.450806,80.824159,5.42,
4.454847,22.996337,5.53,
4.457991,11.2123,5.87,
4.462788,-62.521206,5.74,
4.466883,21.619907,5.72,
4.470359,83.80779,5.51,
4.473167,14.740974,5.9,
4.473992,16.359672,4.96,
4.475589,1.380821,5.53,
4.476248,15.962181,3.84,
4.476943,19.180431,3.53,Ain
4.47751,-19.458874,5.95,
4.477705,15.870883,3.4,Chamukuy
4.480601,13.047602,5.02,
4.485257,-13.04837,5.61,
4.500159,83.340379,5.47,
4.502388,15.63784,5.58,
4.509342,16.194014,4.78,
4.510378,13.724402,5.4,
4.510802,15.691879,5.47,
4.511203,-35.653504,5.95,
4.513916,-44.953749,5.07,
4.531296,-0.044011,4.91,
4.533845,53.91083,5.78,
4.543765,-3.209541,5.76,
4.558511,72.528605,5.94,
4.55849,-29.766492,4.49,
4.559453,-62.823677,5.79,
4.564143,14.844424,4.65,
4.565202,-6.738908,5.71,
4.566598,-55.044975,3.3,
4.568963,5.568616,5.67,
4.569897,-8.231352,5.2,
4.569936,-8.970258,5.24,
4.57722,28.96115,5.88,
4.592512,-30.562341,3.81,Theemin
4.594239,10.16079,4.25,
4.598677,16.509301,0.87,Aldebaran
4.605317,-3.352459,3.93,
4.606727,64.261602,5.91,
4.611508,41.264808,4.25,
4.612677,-62.077154,5.59,
4.620465,0.998314,5.32,
4.626703,-2.473548,5.22,
4.635956,16.033291,5.78,
4.635961,12.510838,4.27,
4.63634,-14.30402,3.86,Sceptrum
4.637731,20.684722,5.85,
4.64821,-12.123121,4.99,
4.65171,7.870976,5.38,
4.65256,15.799846,5.08,
4.654583,15.917977,4.67,
4.655475,-14.359192,5.46,
4.66519,53.079535,5.07,
4.666126,53.473021,5.36,
4.667616,12.197609,5.45,
4.668557,-24.482368,5.56,
4.674031,-19.671493,4.32,
4.676039,-41.863752,4.44,
4.688822,28.614994,5.73,
4.690032,48.300881,5.66,
4.697283,38.280182,5.97,
4.700965,-37.144297,5.04,
4.704084,22.956926,4.27,
4.712899,-50.481334,5.3,
4.715089,43.365138,5.3,
4.717764,-70.931027,5.53,
4.719249,-30.765557,5.66,
4.722665,49.973789,5.86,
4.726318,-8.794317,5.98,
4.734811,-8.503571,5.78,
4.73555,-18.666586,5.53,
4.739205,-59.732733,5.28,
4.740508,11.146137,5.39,
4.751156,-21.283383,5.72,
4.758375,-3.254657,4.01,
4.76715,11.705591,5.35,
4.771341,18.734693,5.99,
4.779021,40.31259,5.99,
4.793413,-16.934456,5.49,
4.800069,56.757183,5.29,
4.809037,-16.329484,5.76,
4.810107,-5.674045,5.77,
4.813968,75.941219,5.96,
4.820235,31.437375,5.57,
4.821965,32.588191,5.84,
4.830669,6.961276,3.19,Tabit
4.831846,37.488275,4.89,
4.83656,-16.217159,5.03,
4.843534,8.900176,4.35,
4.848706,-53.461508,5.58,
4.852594,48.740685,5.64,
4.853434,5.605104,3.68,
4.856239,18.839861,5.08,
4.857837,-34.906286,5.82,
4.868109,63.505421,5.47,
4.875545,14.250642,4.71,
4.877218,36.703187,4.79,
4.879754,27.897485,5.97,
4.879933,42.586626,5.68,
4.881575,-5.452695,4.36,
4.889659,2.508225,5.33,
4.900836,66.342678,4.26,
4.904193,2.440672,3.71,
4.913027,11.426006,5.18,
4.913273,7.779097,5.33,
4.914086,0.467167,5.98,
4.914924,10.150833,4.64,
4.917537,55.259109,5.52,
4.918562,-16.74067,5.71,
4.919765,-74.936852,5.47,
4.921847,-16.417767,5.71,
4.930598,15.040278,5.79,
4.935299,52.869761,5.75,
4.939521,13.514466,4.06,
4.940052,-5.171356,5.5,
4.949894,33.16609,2.69,Hassaleh
4.95478,53.752101,4.43,
4.956206,17.153677,5.51,
4.963513,23.948562,5.79,
4.969275,25.050405,5.79,
4.975806,1.714016,4.47,
4.980829,-82.470512,5.84,
4.983713,-16.376027,5.65,
4.987612,37.890245,4.93,
4.997348,-10.263325,5.39,
4.998816,-12.537416,4.78,
5.005095,39.394701,5.95,
5.005755,81.194088,5.09,
5.023772,-20.051918,4.91,
5.023985,-7.173965,4.8,
5.030654,0.722112,5.91,
5.032815,43.823308,3.03,Almaaz
5.03606,-26.275029,5.01,
5.039668,-31.771333,5.92,
5.041301,41.075837,3.69,Saclateni
5.045279,-71.3143,5.3,
5.045828,-22.795052,5.74,
5.045943,-4.210121,5.86,
5.046861,-49.151407,5.37,
5.051596,21.589962,4.62,
5.05697,60.442245,4.03,
5.064797,-24.388151,5.61,
5.07344,-35.482978,4.55,
5.076153,15.404105,4.65,
5.082776,-49.577837,5.05,
5.087832,-26.152391,5.71,
5.091018,-22.371032,3.19,
5.091853,-57.472704,4.71,
5.102349,58.972372,5.22,
5.10858,41.234474,3.18,Haedus
5.111289,51.59772,4.98,
5.112681,-4.655163,5.12,
5.1236,-12.491269,5.97,
5.124164,18.645052,4.91,
5.126116,-63.399679,5.19,
5.130111,20.418379,5.28,
5.130829,-5.086446,2.78,Cursa
5.131359,8.498429,5.33,
5.132066,21.704821,5.84,
5.135173,24.265175,5.5,
5.138942,-8.665324,5.8,
5.145472,-4.456207,5.11,
5.15244,-8.754081,4.25,
5.155456,9.829579,5.43,
5.161654,15.597232,4.81,
5.162524,28.030461,5.93,
5.178585,46.96207,5.67,
5.18866,-2.490782,5.89,
5.189686,-11.849089,5.6,
5.194879,16.045673,5.18,
5.195931,1.037028,5.88,
5.204973,-11.869219,4.45,
5.206237,73.946674,5.44,
5.213369,-6.05719,5.9,
5.215528,-16.205468,3.29,
5.220522,-12.941291,4.36,
5.221523,2.861265,4.46,
5.223811,38.484498,4.82,
5.229288,-67.185255,4.81,
5.241346,-35.976996,5.75,
5.242298,-8.20164,0.18,Rigel
5.245569,5.156151,5.5,
5.25677,-26.943509,5.06,
5.256777,32.6876,5.01,
5.267815,11.341354,5.52,
5.271708,34.312317,5.99,
5.27815,45.997991,0.08,Capella
5.291411,-34.895207,4.81,
5.293442,-6.844409,3.59,
5.294512,-13.519826,5.48,
5.302935,33.371613,4.54,
5.30368,73.268071,5.81,
5.304359,42.792111,5.55,
5.314017,-18.13005,5.96,
5.316674,33.748394,5.38,
5.318995,40.099051,4.69,
5.319783,2.595806,5.34,
5.321278,22.096494,4.96,
5.322813,-50.605967,5.44,
5.323246,-27.368884,5.98,
5.326257,-13.176788,4.29,
5.333062,-12.315585,5.29,
5.333589,33.958054,5.05,
5.337409,41.086212,5.46,
5.339615,62.653711,5.64,
5.340811,-21.239763,4.7,
5.353524,29.569884,5.66,
5.358845,-0.416491,5.68,
5.3621,8.428556,5.78,
5.362708,-0.382465,4.72,
5.362849,-24.772981,5.06,
5.363448,41.804572,5.22,
5.376036,79.231149,5.08,
5.380556,3.544452,4.99,
5.380644,41.02926,5.54,
5.388475,-8.415595,5.99,
5.390006,-39.678423,5.73,
5.391065,57.544395,5.24,
5.39171,-13.927352,5.25,
5.395086,-0.159818,5.69,
5.399119,-7.808065,4.13,
5.407071,17.383534,5.0,
5.407914,-16.975781,5.64,
5.407949,-2.397146,3.35,
5.40803,-0.891328,5.07,
5.4107,31.143148,5.94,
5.410873,37.385346,5.02,
5.412452,1.846445,4.89,
5.417151,-10.328887,5.6,
5.418851,6.349702,1.64,Bellatrix
5.433285,-19.695399,5.78,
5.438198,28.60745,1.65,Elnath
5.438687,-58.91252,5.14,
5.44689,34.39181,5.92,
5.447286,3.095674,4.59,
5.451478,-40.94351,5.86,
5.452298,30.208603,5.69,
5.452804,17.962216,5.4,
5.460579,21.936965,4.88,
5.460802,34.475892,5.08,
5.462669,15.874052,5.52,
5.467114,17.23913,5.77,
5.470756,-20.759441,2.81,Nihal
5.470926,-37.230767,5.56,
5.487916,25.150215,5.47,
5.489913,-3.446394,5.8,
5.49555,-1.092239,4.71,
5.498548,1.78926,5.77,
5.502632,-47.077655,5.46,
5.502835,63.06722,5.43,
5.507268,15.360449,5.93,
5.51307,5.948139,4.2,
5.513514,41.461994,5.99,
5.518785,-20.863659,5.53,
5.520209,-35.470519,3.86,
5.520703,3.292133,5.46,
5.526666,-45.925317,5.86,
5.531318,-76.340964,5.18,
5.532183,-7.301537,4.62,
5.533445,-0.299092,2.25,Mintaka
5.536875,18.594234,4.32,
5.537262,17.058128,5.5,
5.54482,-1.591831,5.34,
5.545465,32.192022,4.71,
5.545504,-17.822289,2.58,Arneb
5.547613,-38.513371,5.45,
5.549873,-64.227517,5.34,
5.552049,-35.139376,5.75,
5.558735,-1.156073,5.36,
5.558786,18.540231,5.67,
5.560421,-62.489825,3.76,
5.565079,14.305578,5.6,
5.567791,-1.470253,5.92,
5.571326,3.766895,5.32,
5.579106,-73.741277,5.79,
5.580344,9.489579,4.39,
5.583613,-6.00927,5.67,
5.584078,-6.002027,4.78,
5.585633,9.934158,3.39,Meissa
5.587011,10.240093,5.6,
5.587631,-33.079724,5.76,
5.587728,-5.387315,4.98,
5.587907,-5.389696,5.13,
5.589695,-5.41606,4.98,
5.589768,-4.838358,4.58,
5.590551,-5.909901,2.75,Hatysa
5.590869,24.039589,5.37,
5.594301,-4.856067,5.24,
5.603559,-1.20192,1.69,Alnilam
5.609784,54.428658,5.74,
5.609915,-6.064752,5.71,
5.615108,9.290673,4.09,
5.617704,17.040324,5.53,
5.617884,11.035005,5.97,
5.61916,-80.469122,5.65,
5.619123,26.924473,5.83,
5.627413,21.142549,2.97,Tianguan
5.629061,-28.68969,5.28,
5.633644,7.54142,5.87,
5.643881,-6.573959,5.96,
5.643913,30.492412,5.4,
5.645424,-40.707306,5.81,
5.645769,-2.600069,3.77,
5.648079,-7.212829,4.77,
5.653096,4.121467,4.5,
5.655087,29.215213,5.98,
5.658653,-3.564704,5.99,
5.660817,-34.074108,2.65,Phact
5.662277,25.897091,5.18,
5.663845,-32.629216,5.44,
5.679313,-1.942572,1.74,Alnitak
5.680754,-1.128787,4.95,
5.684888,0.337753,5.93,
5.688255,16.534148,4.84,
5.703877,-22.373715,5.88,
5.704221,-34.667812,5.29,
5.707347,65.697649,5.62,
5.707953,1.474629,4.9,
5.714976,-6.796168,5.97,
5.722686,-18.557475,5.73,
5.741057,-22.448382,3.59,
5.746223,-65.735526,4.34,
5.765012,49.826255,5.46,
5.766637,-32.306435,5.18,
5.77427,-46.59718,5.31,
5.775106,56.115575,5.93,
5.776364,1.168193,5.95,
5.781149,9.522343,5.78,
5.782595,-14.82195,3.55,
5.786987,14.488322,5.72,
5.788079,-51.066514,3.85,
5.79061,17.729141,5.47,
5.795252,13.899599,5.28,
5.795941,-9.669605,2.07,Saiph
5.800065,6.454156,5.26,
5.809706,-4.094648,5.97,
5.816935,24.567535,4.88,
5.819567,39.181071,4.51,
5.825814,12.651324,4.89,
5.826817,-14.483665,5.49,
5.830451,-56.166663,4.5,
5.831528,-22.971872,5.87,
5.831539,-66.901187,5.1,
5.834079,9.871218,5.79,
5.836962,4.423406,5.96,
5.837999,-79.361362,5.46,
5.841363,14.305608,5.54,
5.841674,2.0247,5.97,
5.848117,-52.108873,5.16,
5.849329,-35.768309,3.12,Wazn
5.849475,27.967861,5.6,
5.850675,37.305573,4.72,
5.855357,-20.879089,3.76,
5.856107,-7.518003,5.36,
5.858166,39.14848,3.97,
5.868814,-9.0419,5.95,
5.872276,-57.156191,5.93,
5.872859,14.171787,5.6,
5.873168,19.867849,5.96,
5.874011,1.855134,4.76,
5.875883,-37.631063,5.62,
5.885245,-33.801361,4.88,
5.88879,27.612262,4.56,
5.901658,-63.089627,4.65,
5.906386,20.276174,4.39,
5.912119,-11.774192,5.62,
5.912232,0.968615,5.99,
5.913916,-52.635481,5.29,
5.914107,55.706947,4.96,
5.91458,-39.957857,5.55,
5.915746,19.749614,5.92,
5.916063,59.888367,5.2,
5.916387,31.701496,5.9,
5.919529,7.407063,0.45,Betelgeuse
5.924975,-37.120668,4.97,
5.925048,-4.616546,5.87,
5.937296,-22.839975,5.95,
5.939151,-31.38244,5.52,
5.940082,-14.1677,3.71,
5.941121,9.509396,5.97,
5.947069,11.521058,5.89,
5.958947,-35.28328,4.36,
5.966571,25.953912,4.81,
5.973456,1.837108,5.89,
5.977097,-44.034562,5.81,
5.980437,0.552979,5.21,
5.981455,12.808264,5.7,
5.984531,-9.55825,5.04,
5.985778,-42.815135,3.96,
5.989384,49.92454,5.9,
5.992111,54.284656,3.72,
5.992149,44.947433,1.9,Menkalinan
5.995351,37.212585,2.65,Mahasim
5.998917,45.936736,4.3,
6.00093,-3.074253,4.53,
6.013661,-51.216319,5.65,
6.016267,47.901923,5.71,
6.021194,-33.911835,5.54,
6.028627,48.959445,5.98,
6.030673,-10.59793,4.92,
6.039722,9.647276,4.12,
6.054333,-26.284544,5.03,
6.057602,19.690561,5.14,
6.065329,20.138452,4.64,
6.068671,23.263341,4.16,
6.070417,-6.708941,5.19,
6.072296,-32.17243,5.65,
6.077811,-45.078932,5.93,
6.082829,5.41997,5.67,
6.082878,4.158671,5.63,
6.083091,-16.484435,4.92,
6.084276,42.981635,5.9,
6.090842,-10.242596,5.88,
6.090882,-35.513647,5.8,
6.101538,-29.758624,5.79,
6.10259,-14.935254,4.67,
6.102603,-66.039621,5.72,
6.108916,-23.110846,5.46,
6.109749,38.482644,5.35,
6.11076,-4.193836,5.37,
6.115976,-21.812299,5.74,
6.117604,-62.154581,5.04,
6.117686,-34.312021,5.82,
6.125453,-37.25292,5.0,Elkurud
6.126201,14.768472,4.42,
6.128233,-19.165866,5.28,
6.13135,-42.154043,5.5,
6.145643,-68.843409,5.06,
6.149407,-22.427412,5.49,
6.149418,2.499692,5.7,
6.15901,22.190262,5.93,
6.15959,-14.584619,5.56,
6.162218,23.113466,5.75,
6.163322,-22.774343,5.71,
6.16639,58.935694,5.35,
6.169558,-40.353792,5.54,
6.170632,-74.753045,5.08,
6.171642,-54.968645,4.72,
6.1763,-27.154343,5.72,
6.1875,-65.589417,5.01,
6.192307,24.420253,5.83,
6.193496,48.710989,5.78,
6.197726,-6.550287,5.06,
6.198999,14.208765,4.45,
6.200372,19.790543,5.76,
6.200911,16.130406,4.95,
6.20559,32.69338,5.78,
6.214182,65.718422,5.36,
6.231732,-3.741374,5.83,
6.241273,17.906353,5.86,
6.243529,-4.568457,5.83,
6.247467,19.156448,5.2,
6.247592,-6.274776,3.99,
6.247961,22.506799,3.31,Propus
6.252334,-20.272186,5.88,
6.252353,13.851098,5.91,
6.254923,-18.477163,5.99,
6.256304,29.498076,4.32,
6.25698,16.143175,5.34,
6.258243,-4.914719,5.99,
6.259518,-0.512189,5.62,
6.261257,59.998975,5.37,
6.262468,-13.718414,5.0,
6.26249,12.551067,5.44,
6.268803,-16.618006,5.97,
6.274061,12.272163,5.04,
6.275871,-35.140519,4.37,
6.283675,-37.737445,5.54,
6.285172,9.94239,5.39,
6.285991,-37.253498,5.88,
6.287816,5.100112,5.7,
6.294923,-16.815908,5.15,
6.298563,61.515286,5.01,
6.303813,-19.966974,5.51,
6.314051,-9.390018,5.36,
6.314105,69.319787,4.76,
6.316382,-20.925611,5.79,
6.327052,59.010964,4.44,
6.328043,-34.396591,5.76,
6.328555,-7.822908,5.27,
6.333222,-2.944493,4.91,
6.334507,14.651127,5.67,
6.338553,-30.063367,3.02,Furud
6.3434,-34.144144,5.55,
6.356865,-11.773238,5.48,
6.362811,53.452179,5.34,
6.368564,-33.4364,3.85,
6.37729,-69.984043,5.56,
6.378329,-17.955918,1.98,Mirzam
6.382179,-56.369969,5.6,
6.382673,22.513586,2.87,Tejat
6.396135,4.592865,4.39,
6.398866,-25.577629,5.61,
6.399195,-52.69566,-0.62,Canopus
6.400281,-36.707764,5.62,
6.402867,-11.530088,5.21,
6.40385,-60.281325,5.78,
6.414973,49.287893,4.92,
6.421263,-0.945883,5.88,
6.424623,-69.690299,5.37,
6.428793,-48.176898,5.76,
6.440514,56.285096,5.53,
6.444329,-1.507336,5.87,
6.44691,58.417409,5.21,
6.451147,-58.002116,5.82,
6.453823,0.299246,5.19,
6.454331,-0.275999,5.55,
6.455681,2.908288,5.55,
6.465992,-4.762154,5.06,
6.469503,-32.58007,4.47,
6.476136,30.493034,5.75,
6.477061,-17.466009,5.76,
6.477568,-32.371279,5.74,
6.480297,-7.033062,3.76,
6.482719,20.212133,4.13,
6.491255,-56.852766,5.2,
6.496969,-50.239085,5.28,
6.500827,46.685554,5.88,
6.503132,-10.081511,5.92,
6.512858,-27.769575,5.92,
6.51309,58.162633,5.86,
6.520304,-35.25884,5.82,
6.521744,-51.825953,5.58,
6.523068,-12.391953,5.16,
6.530083,11.544412,5.22,
6.530573,-8.158235,5.43,
6.530935,-23.418422,4.34,
6.532864,-58.753835,5.69,
6.538668,4.855999,5.88,
6.539271,-37.696702,5.25,
6.539758,-5.86882,5.6,
6.540885,32.454898,5.82,
6.54416,-32.030447,5.73,
6.548396,7.332965,4.47,
6.560046,14.155163,5.57,
6.560534,-1.220154,5.09,
6.563745,-36.232029,5.42,
6.576481,-32.716255,5.62,
6.58294,-52.975607,4.35,
6.584274,-22.964793,4.54,
6.586684,28.022314,5.26,
6.58773,0.890216,5.78,
6.588221,9.988335,5.93,
6.590061,-36.779879,5.59,
6.606347,-18.659904,5.71,
6.609121,38.4455,5.4,
6.609814,-5.211143,5.52,
6.611399,-19.255879,3.95,
6.612944,-13.321036,5.95,
6.62051,-36.990651,5.72,
6.627332,56.857531,5.87,
6.6282,61.481233,5.94,
6.628528,16.399252,1.93,Alhena
6.629353,-43.195934,3.17,
6.629891,-32.339735,5.25,
6.631506,-18.237478,4.42,
6.639725,28.984354,5.76,
6.643787,-48.220183,5.05,
6.644317,39.390854,5.7,
6.646995,39.902559,5.34,
6.654644,-14.145764,4.82,
6.655507,42.488877,4.8,
6.66185,-30.470491,5.7,
6.663255,12.982768,5.99,
6.667474,-80.813593,5.61,
6.674679,77.995782,5.75,
6.675624,71.748786,5.88,
6.682961,9.895754,4.66,
6.684845,0.495323,5.79,
6.698996,-9.167537,5.21,
6.706757,17.645303,5.2,
6.718051,44.52445,5.04,
6.727402,3.932528,5.88,
6.732202,25.131124,3.06,Mebsuta
6.733137,13.228017,4.49,
6.741241,-31.070523,5.23,
6.745961,28.970932,5.42,
6.752481,-16.716116,-1.44,Sirius
6.754824,12.895591,3.35,Alzirr
6.756378,-31.793661,5.92,
6.758664,-30.94898,5.62,
6.764922,-52.409691,5.81,
6.766499,-14.796127,5.3,
6.770595,59.44167,4.86,
6.77067,79.564811,5.44,
6.775671,8.587153,5.92,
6.777505,-10.10736,5.66,
6.778983,43.577427,5.24,
6.780417,57.169176,5.34,
6.780859,-14.425971,5.28,
6.7813,-51.265667,5.39,
6.78853,-55.539988,5.6,
6.788842,8.037254,4.77,
6.789278,-37.929698,5.27,
6.793673,-8.998503,5.08,
6.794327,48.789476,5.22,
6.79768,2.412159,4.48,
6.803194,-61.941391,3.24,
6.803407,55.704195,5.54,
6.805296,-1.318922,5.75,
6.816038,-15.144726,5.39,
6.821225,-2.272038,5.75,
6.828143,32.606756,5.72,
6.83051,16.202888,5.87,
6.830683,-32.508478,3.5,
6.830921,-53.622449,4.41,
6.831838,-46.61456,5.14,
6.832266,-50.61456,2.94,
6.83938,-17.084555,5.77,
6.839819,-31.706057,5.74,
6.840416,13.413177,5.68,
6.846097,41.78123,4.99,
6.847176,-0.540882,5.78,
6.847876,-34.367318,4.99,
6.849191,67.571934,5.14,
6.857495,-70.963411,5.41,
6.859179,21.761148,5.28,
6.861785,-36.23027,5.94,
6.866664,23.601718,5.68,
6.879816,33.961254,3.6,
6.880408,8.380373,5.75,
6.884738,59.448543,5.34,
6.88856,-19.032763,5.65,
6.892474,-20.224254,4.82,
6.895068,68.888309,5.11,
6.902209,-24.184211,3.89,
6.903167,-12.038628,4.08,
6.906851,-1.126996,5.44,
6.910732,13.177827,4.73,
6.917427,-20.404876,5.8,
6.921853,25.375697,5.74,
6.927064,-20.136497,4.66,
6.929702,-22.941439,5.29,
6.935179,-14.04343,5.0,
6.935618,-17.054242,4.36,
6.937775,-48.721144,4.94,
6.940509,9.956578,5.9,
6.942238,46.273998,5.85,
6.942911,-79.420193,5.45,
6.94891,46.705352,5.88,
6.950145,33.681039,5.91,
6.954612,58.422759,4.35,
6.95942,-24.630841,5.45,
6.960309,45.094094,4.9,
6.973638,-34.111708,5.07,
6.976639,-25.414157,5.59,
6.977097,-28.972084,1.5,Adhara
6.982507,3.602355,5.96,
6.997378,-67.916443,5.18,
7.001081,76.977408,4.55,
7.004396,16.078998,5.73,
7.006599,-8.406821,5.95,
7.014303,-51.402585,5.14,
7.018318,-25.215634,5.64,
7.022612,70.808296,5.69,
7.028652,-27.93483,3.49,Nganurganity
7.032329,-5.722065,5.22,
7.038193,15.336008,5.78,
7.040217,24.215446,5.2,
7.040426,17.755521,5.96,
7.04258,16.674447,5.86,
7.048549,-4.239231,4.99,
7.050409,-23.833291,3.02,
7.054195,-59.178109,5.5,
7.054977,9.138355,5.96,
7.058457,29.337081,5.93,
7.060576,10.951817,5.14,
7.062637,-15.633286,4.11,Muliphein
7.064896,-49.58392,4.92,
7.065928,-43.608039,5.56,
7.067444,-42.33728,5.2,
7.068124,-5.323979,5.63,
7.068481,20.570297,4.01,Mekbuda
7.071757,-56.749724,5.14,
7.094174,9.1858,5.78,
7.103222,34.473967,5.55,
7.111324,-11.294014,5.41,
7.118633,-40.893268,5.8,
7.120359,-51.968283,5.96,
7.122889,34.009288,5.94,
7.122941,-23.840722,5.75,
7.130414,7.471214,5.74,
7.139455,15.930675,5.47,
7.139857,-26.3932,1.83,Wezen
7.145098,-70.497087,5.68,
7.145788,-70.498932,3.78,
7.147519,-39.655657,4.83,
7.161951,-25.231034,5.69,
7.170467,-4.237106,4.91,
7.172034,-27.49152,5.46,
7.179858,-48.932098,5.12,
7.185659,30.245163,4.41,
7.189741,26.856587,5.75,
7.189893,-0.301928,5.44,
7.194255,39.320549,4.91,
7.19489,-20.883063,5.84,
7.197739,-0.492764,4.15,
7.203393,-25.942588,5.91,
7.204392,-40.498808,5.3,
7.207173,-36.544381,5.94,
7.207327,24.128594,5.85,
7.20935,-46.759305,4.49,
7.218665,-11.251341,5.77,
7.220377,-45.182739,4.87,
7.222854,16.158966,5.07,
7.223166,51.428745,5.46,
7.22334,-22.674241,5.99,
7.225637,-44.639739,4.42,
7.236347,-3.901779,5.8,
7.237559,-26.352507,4.42,
7.237644,-9.947533,5.9,
7.238906,3.111414,5.36,
7.242395,12.115824,5.71,
7.243928,-48.271927,4.75,
7.244993,24.884984,5.84,
7.246117,-46.849672,5.72,
7.246849,-26.772667,4.01,
7.247546,-27.037996,5.58,
7.249209,-41.426394,5.95,
7.255854,-30.686447,5.36,
7.255901,-52.499226,5.96,
7.260953,7.977742,5.78,
7.262011,-10.583605,5.95,
7.263925,47.239964,5.54,
7.265267,59.637467,5.2,
7.26588,27.897419,5.75,
7.27071,-15.585689,5.46,
7.270965,-46.774533,5.64,
7.275515,-38.318928,5.81,
7.276387,-27.881179,4.66,
7.276898,-23.315594,4.83,
7.280392,-36.592633,5.03,
7.280508,-67.957152,3.97,
7.285711,-37.09747,2.71,
7.2927,52.131071,5.93,
7.300616,40.883392,5.87,
7.301181,-43.986786,5.86,
7.30155,16.540383,3.58,
7.30511,-36.733962,4.65,
7.308883,49.464756,5.0,
7.309309,-39.210285,5.24,
7.310607,-36.742735,5.11,
7.311216,-24.558701,4.88,
7.311802,-24.954375,4.37,
7.314243,-26.585854,5.29,
7.322881,2.740694,5.9,
7.324494,-16.395244,5.7,
7.329901,7.142947,5.91,
7.335383,21.98232,3.5,Wasat
7.339288,-52.311524,5.5,
7.344114,-52.085924,5.38,
7.349524,-14.360489,5.59,
7.351204,-25.891643,5.87,
7.354864,45.2282,5.74,
7.365795,20.443658,5.09,
7.367397,36.760584,5.12,
7.367633,0.177121,5.99,
7.370425,-19.0166,4.94,
7.373719,-5.982829,5.83,
7.381127,55.281392,5.8,
7.383527,-31.923781,5.4,
7.391254,25.050531,5.04,
7.391386,-27.834294,5.37,
7.392193,-32.202067,5.41,
7.401584,-29.303104,2.45,Aludra
7.402352,40.672389,5.23,
7.409292,27.637857,5.77,
7.411163,-16.201473,5.18,
7.412182,-31.808905,5.35,
7.415857,51.887258,5.8,
7.416161,11.669524,5.37,
7.418977,-13.751978,5.79,
7.423686,-25.217767,5.79,
7.42727,-79.094188,5.54,
7.427471,9.276097,4.99,
7.428779,27.79808,3.78,
7.430889,-5.774961,5.98,
7.439403,-51.018481,5.09,
7.44513,-34.140692,5.9,
7.445237,49.211527,4.61,
7.448981,20.257557,5.94,
7.449856,-23.086023,5.65,
7.452219,-17.864861,5.6,
7.452512,8.289315,2.89,Gomeisa
7.461927,-22.859199,5.98,
7.462324,21.445247,5.2,
7.46435,-11.556867,5.79,
7.466434,-29.155896,5.55,
7.467243,6.941968,5.22,
7.469387,8.92553,4.33,
7.480876,-31.848401,5.95,
7.480968,48.18393,5.7,
7.484699,-31.456216,5.78,
7.484916,-38.812065,5.41,
7.485195,31.78455,4.16,
7.487179,-43.301432,3.25,
7.488519,-1.905329,5.6,
7.489012,28.118275,5.07,
7.489474,-10.326664,5.75,
7.490455,-7.551168,5.86,
7.496606,12.006564,4.55,
7.49688,27.916146,5.01,
7.497615,-23.024287,4.85,
7.498867,49.672463,5.35,
7.499925,-52.651157,5.87,
7.508587,-54.399365,5.95,
7.511834,-30.962281,4.65,
7.514638,68.465621,5.63,
7.517911,82.411466,4.92,
7.53011,17.086046,5.45,
7.534934,-8.881326,5.9,
7.534986,1.914481,5.24,
7.552716,-24.710731,5.84,
7.553241,3.290379,5.59,
7.555434,-19.412525,5.64,
7.560134,15.826662,5.27,
7.563323,-14.523892,4.82,
7.564179,-36.338392,5.42,
7.567551,-22.296067,4.44,
7.571081,3.371725,5.83,
7.571839,-23.473661,5.06,
7.576333,-27.012275,5.78,
7.576634,31.888276,1.58,Castor
7.585778,30.960924,5.34,
7.589694,-28.369323,4.65,
7.594365,-52.533836,4.93,
7.598708,26.895741,4.06,
7.601082,-14.492771,5.66,
7.608789,46.180288,5.66,
7.609641,5.862171,5.89,
7.611398,-19.702338,5.69,
7.6122,-48.830167,5.69,
7.613067,55.75506,5.93,
7.621303,-4.110979,5.14,
7.622809,-34.96853,4.53,
7.631628,48.773842,5.93,
7.638346,-25.364804,4.69,
7.638391,-48.601436,5.68,
7.64246,35.04855,5.58,
7.645528,-36.49683,5.78,
7.647186,-26.803836,3.8,
7.65276,34.584346,4.89,Jishui
7.655033,5.224993,0.4,Procyon
7.657595,-38.308021,4.84,
7.657942,17.674519,5.04,
7.662171,-38.139287,5.73,
7.663299,-38.260652,5.76,
7.666109,-37.579422,5.99,
7.670425,-19.660861,5.92,
7.67075,38.344539,5.77,
7.673114,-15.26392,4.98,
7.675295,87.020091,5.05,
7.682922,23.018527,5.93,
7.686782,48.131533,5.58,
7.687454,-9.551131,3.94,
7.687727,-38.533532,5.41,
7.693099,3.624779,5.95,
7.697004,-72.606098,3.93,
7.697735,13.480453,5.79,
7.700894,14.208503,5.55,
7.713376,-26.351326,5.64,
7.715865,-45.173118,5.04,
7.716788,58.71036,4.93,
7.719996,-36.050089,5.6,
7.721867,28.88351,4.23,
7.725663,-28.410885,4.63,
7.728307,-40.933746,5.12,
7.73013,-28.954826,3.94,
7.734495,50.433794,5.31,
7.735254,25.784159,5.3,
7.736027,-36.062505,5.8,
7.740793,24.397993,3.57,
7.742825,-24.674079,5.62,
7.74283,-37.942917,5.89,
7.754249,-37.968584,3.62,
7.755277,28.026199,1.16,Pollux
7.759736,-34.172363,5.36,
7.765797,-14.563805,5.03,
7.767275,-6.772511,5.49,
7.768736,18.510043,4.89,
7.769596,-37.93367,5.87,
7.771167,10.768252,5.25,
7.777577,37.517394,5.15,
7.777793,65.455676,5.93,
7.786821,-22.51951,5.9,
7.790276,-38.511145,5.07,
7.791757,33.415697,5.14,
7.792085,-46.60849,5.22,
7.799089,-12.192705,5.48,
7.801436,-25.937169,4.4,
7.805608,-47.077722,4.69,
7.817132,-24.912208,5.32,
7.818533,-56.41036,5.57,
7.82024,-46.857717,5.82,
7.820257,-60.283688,5.78,
7.820638,-46.373205,4.1,
7.820736,-35.243286,5.94,
7.821571,-24.859786,3.34,Azmidi
7.826502,-33.28895,5.61,
7.828054,-66.195974,5.78,
7.828111,-17.228408,5.17,
7.836271,-9.183441,5.6,
7.839957,-50.509468,5.89,
7.861663,1.766868,5.12,
7.861952,-21.173662,5.62,
7.862862,-13.898029,5.16,
7.870288,-40.575786,3.71,
7.871024,-34.705442,5.01,
7.871911,-14.846175,5.69,
7.874929,-54.367165,5.7,
7.877402,-38.862812,4.49,
7.879961,-5.428257,5.76,
7.884308,-36.363769,5.44,
7.884344,-49.613044,4.63,
7.888378,-48.102934,4.22,
7.891616,26.765783,4.97,
7.903058,-35.877287,5.48,
7.911864,47.564596,5.47,
7.91482,-57.302806,5.62,
7.925398,8.86284,5.86,
7.927749,19.88397,5.38,
7.938514,-60.526436,5.74,
7.946313,-52.98236,3.46,
7.94765,-22.880119,4.2,
7.94939,-43.500411,5.36,
7.949848,15.790281,5.8,
7.955118,-44.109859,5.08,
7.961141,-30.33457,4.76,
7.962946,-60.303072,5.59,
7.964368,-45.577669,5.14,
7.970678,-49.244912,4.47,
7.972404,2.224767,5.3,
7.98071,-60.824462,5.77,
7.983835,-45.215844,5.98,
7.984921,-23.310396,5.09,
7.991217,-39.296944,5.22,
7.993762,-60.587061,5.19,
7.995598,-3.679583,4.93,
7.997792,-18.399228,4.61,
8.003264,73.917919,5.37,
8.005547,-63.567456,4.81,
8.013141,17.308703,5.6,
8.013875,-54.151275,5.87,
8.01552,25.392836,5.87,
8.020371,-1.392608,4.69,
8.020525,4.879824,5.65,
8.022434,59.047398,5.78,
8.02508,16.455309,5.99,
8.027091,-37.28372,5.9,
8.03776,2.334571,4.39,
8.045774,-41.309828,5.52,
8.051156,-32.463548,5.83,
8.058634,27.794332,4.94,
8.059737,-40.003148,2.21,Naos
8.071164,-32.674829,5.25,
8.078445,-50.590396,5.96,
8.079768,79.479612,5.39,
8.084363,-53.107921,5.52,
8.08458,13.118215,5.14,
8.10511,22.63549,5.96,
8.111206,-45.266015,5.04,
8.121678,-20.554342,5.33,
8.125737,-24.304324,2.83,Tureis
8.129404,21.581816,5.3,
8.132173,-68.617062,4.35,
8.140963,51.50667,4.78,
8.143236,-2.983786,4.36,
8.150213,-61.302429,4.74,
8.150455,-19.245014,4.4,
8.152641,-48.684413,5.66,
8.157926,-16.248922,5.66,
8.158876,-47.336588,1.75,
8.159342,-56.085384,5.66,
8.159977,-44.122773,5.2,
8.161988,-47.937193,5.23,
8.167719,58.248242,5.91,
8.174218,25.507334,5.73,
8.177731,-13.799207,5.53,
8.186332,-48.461994,5.83,
8.187863,-12.926999,4.72,
8.189304,-39.618545,4.44,
8.190526,-42.987278,4.73,
8.192501,-7.772539,5.36,
8.199991,-46.644351,5.77,
8.203535,17.647771,4.67,Tegmine
8.213552,68.474072,5.34,
8.21913,29.656536,5.62,
8.222213,-15.788221,4.99,
8.224866,-35.899518,4.78,
8.226178,-50.196072,5.52,
8.22671,-46.991628,5.14,
8.230607,56.452246,5.88,
8.232865,-36.322281,5.09,
8.234143,-40.34789,4.42,
8.237017,-35.490019,5.77,
8.239965,-45.834522,5.86,
8.254427,-62.915643,5.16,
8.275256,9.185545,3.53,Tarf
8.297338,59.571133,5.63,
8.304832,-35.451703,5.59,
8.305219,-65.613192,5.06,
8.306651,-12.632173,5.95,
8.308703,-76.919722,4.05,
8.309258,-36.659288,4.44,
8.321437,62.507159,5.73,
8.32562,75.756907,5.55,
8.330274,-71.514906,5.33,
8.333486,-71.505377,5.63,
8.334406,27.217707,5.13,
8.339158,20.747721,5.8,
8.340564,57.743278,5.89,
8.34226,24.022314,5.92,Piautos
8.344115,-77.484477,4.34,
8.353361,-57.97322,5.96,
8.355846,-36.484177,5.18,
8.355895,-20.079058,5.58,
8.356397,-33.054366,4.83,
8.365169,-17.586334,5.71,
8.367918,-73.399985,5.28,
8.375236,-59.509483,1.86,Avior
8.375471,-48.490381,4.79,
8.380538,-26.34822,5.88,
8.380588,43.188131,4.25,Alsciaukat
8.381693,-7.54312,5.92,
8.381991,-52.12373,5.89,
8.3894,18.3322,5.94,
8.396809,53.219712,5.52,
8.405637,-80.914202,5.67,
8.409726,-3.75124,5.61,
8.415328,-23.153745,5.67,
8.415891,-42.769834,5.97,
8.417706,-24.046212,5.32,
8.42537,-51.727415,5.18,
8.426538,2.102209,5.74,
8.427676,-3.906424,3.91,
8.428951,-66.13689,3.77,
8.431002,-64.600618,5.95,
8.431087,-42.153072,5.45,
8.43188,7.564506,5.13,
8.432108,-14.929661,5.96,
8.440891,-3.987479,5.6,
8.44103,27.893583,5.58,
8.444987,-12.534602,5.52,
8.445539,12.654612,5.56,
8.45466,-70.093482,5.51,
8.46017,-53.08848,5.08,
8.466506,-35.113761,5.75,
8.477039,14.210822,5.94,
8.484654,-47.928923,5.33,
8.485436,-44.160413,5.82,
8.490968,-44.724812,5.03,
8.496011,-46.331693,5.98,
8.496182,67.297441,5.89,
8.504431,60.718169,3.35,Muscida
8.507948,-32.159285,5.61,
8.525145,24.081105,5.71,
8.525257,-19.577462,5.42,
8.526592,18.09442,5.33,
8.534712,-53.21192,5.68,
8.545139,20.441162,5.33,
8.54861,38.016368,5.88,
8.560676,-38.848815,5.92,
8.562077,4.757,5.89,
8.567116,-2.151555,5.8,
8.576711,65.14517,5.47,
8.578778,-49.944203,5.01,
8.578858,36.419619,5.76,
8.587658,-58.224735,5.27,
8.5888,-58.009228,4.84,
8.591166,-7.982292,5.72,
8.591307,-26.843487,5.95,
8.597493,6.62022,5.91,
8.597787,-50.969651,5.79,
8.61827,9.65558,5.92,
8.6219,-62.853465,5.45,
8.627399,-42.989081,4.11,
8.627602,5.703782,4.14,
8.631154,-26.255,5.24,
8.638607,32.802021,5.96,
8.639504,53.401539,5.66,
8.645955,3.341435,4.45,Minchir
8.651428,-70.386745,5.19,
8.652198,-22.661875,5.05,
8.653257,65.020907,5.63,
8.654898,52.711623,5.91,
8.656626,-53.439767,5.45,
8.661799,-29.561084,4.86,
8.666002,-53.054729,5.18,
8.667076,-12.475372,4.98,
8.668373,-35.308352,3.97,
8.67024,64.327936,4.59,
8.671521,-53.015398,5.56,
8.671554,-52.921887,3.6,
8.671996,-40.263875,5.2,
8.676461,-45.191103,5.67,
8.676953,-59.761003,4.31,
8.677103,-46.648744,3.77,
8.683629,45.83401,5.35,
8.684812,-48.92268,5.9,
8.686982,-47.317125,4.74,
8.688773,-78.963359,5.46,
8.695371,-15.943384,4.87,
8.699142,-45.410714,5.2,
8.704498,-48.09909,5.48,
8.705278,-53.100056,5.49,
8.707054,-53.113984,4.83,
8.720091,12.680876,5.62,
8.72041,3.398662,4.3,
8.721431,21.468501,4.66,Asellus Borealis
8.726539,-33.186385,3.68,
8.727854,-49.822802,5.15,
8.727882,-7.23373,4.63,
8.739987,-42.649276,4.05,
8.74475,18.154309,3.94,Asellus Australis
8.745059,-54.708821,1.93,Alsephina
8.745844,10.08167,5.63,
8.747758,-37.147249,5.74,
8.765339,-79.504373,5.79,
8.767124,-46.041527,3.87,
8.767354,-2.048655,5.7,
8.772927,-13.54772,4.32,
8.775152,-45.912504,5.43,
8.778284,28.759898,4.03,
8.778487,-56.769776,4.5,
8.779587,6.418809,3.38,Ashlesha
8.782227,12.109952,5.89,
8.787496,-1.897033,5.28,
8.788568,-46.155415,5.71,
8.807214,5.837812,4.35,
8.822702,-3.443023,5.3,
8.827545,-40.320158,5.47,
8.8299,-45.307875,4.94,
8.830972,-32.780525,5.19,
8.833953,-29.462997,5.86,
8.842204,-27.709844,4.02,
8.842628,-46.529187,5.09,
8.842982,-66.792981,5.34,
8.859559,-7.177226,5.55,
8.860145,-57.633577,5.59,
8.865787,43.726603,5.15,
8.869453,42.002735,5.98,
8.869936,45.312819,5.96,
8.876284,32.474157,5.67,
8.876625,28.330819,5.96,Copernicus
8.877391,-48.359097,5.92,
8.880005,-38.724086,5.79,
8.889601,61.962268,5.72,
8.896851,-60.353909,5.78,
8.897388,-47.520778,5.31,
8.904091,30.579115,5.4,
8.917457,-60.644609,3.84,
8.919936,-54.965768,5.7,
8.920119,-18.241189,5.75,
8.92323,5.945563,3.11,
8.925434,-27.681871,4.87,
8.927689,27.927481,5.23,
8.932097,11.626023,5.44,
8.938686,-52.723475,4.68,
8.941814,40.201474,5.9,
8.942813,-16.708748,5.95,
8.943741,64.603831,5.57,
8.944949,-85.663152,5.43,
8.947218,45.631646,5.72,
8.949056,32.91043,5.44,
8.949562,-59.229338,4.93,
8.954152,15.322762,5.22,
8.959777,15.581281,5.68,
8.965434,-48.57291,5.88,
8.974784,11.857701,4.26,Acubens
8.978869,-16.132727,5.8,
8.981216,-47.234688,5.17,
8.986828,48.041826,3.12,Talitha
8.990078,-59.083712,5.17,
8.992405,32.418559,5.23,
9.001505,-41.253605,4.45,
9.010685,41.782911,3.96,
9.012707,-60.963828,5.8,
9.019027,-68.683916,5.89,
9.022462,-41.864254,5.56,
9.023369,32.252296,5.89,
9.029046,-52.188685,5.23,
9.032774,-0.482673,5.64,
9.040777,-66.396076,4.0,
9.04242,67.629619,4.74,
9.045629,24.452915,5.45,
9.045783,7.298267,5.85,
9.060427,47.156525,3.57,Alkaphrah
9.066778,54.283887,5.74,
9.069248,-47.097737,3.75,
9.085785,-72.602705,4.47,
9.090028,48.530314,5.48,
9.093994,-70.538497,4.66,
9.099546,5.092316,4.99,
9.108825,38.452215,4.56,
9.129115,10.668191,5.23,
9.133268,-43.432589,2.23,Suhail
9.133348,29.654235,5.42,
9.134133,-25.858536,4.62,
9.139867,66.873235,5.15,
9.14505,-8.589524,5.6,
9.146483,26.629112,5.95,
9.147526,33.882217,5.95,
9.147863,51.604648,4.46,
9.15117,-18.328548,5.73,
9.153198,-12.357706,5.76,
9.155982,22.045446,5.16,Nahn
9.15988,-8.787648,5.47,
9.16567,-30.365401,5.59,
9.173204,67.134018,4.8,
9.181941,63.513633,4.67,
9.182804,-58.966896,3.43,
9.184556,-44.867902,4.99,
9.187985,-62.316977,3.96,
9.192607,-46.583911,5.78,
9.19965,-19.747628,5.72,
9.20848,-43.613262,5.56,
9.215452,-59.413928,5.54,
9.220041,-69.717208,1.67,Miaplacidus
9.226239,-47.338407,5.92,
9.230059,43.217825,5.3,
9.235615,-44.145822,5.85,
9.238335,-55.569629,5.26,
9.239041,61.423318,5.18,
9.239405,2.31428,3.89,
9.240136,-43.227493,5.24,
9.249213,-37.602396,5.85,
9.253848,14.941507,5.36,
9.253963,34.633516,5.98,
9.2602,-38.569942,4.92,
9.262522,-37.413144,4.63,
9.263832,56.741406,5.28,
9.264639,72.946326,5.93,
9.269808,54.021857,4.8,
9.270024,-57.541473,4.34,
9.273066,-44.265735,5.12,
9.278158,-8.744759,5.49,
9.27826,-6.353144,5.24,
9.282523,-39.401539,5.31,
9.284838,-59.275229,2.21,Aspidiske
9.285478,-14.574069,5.83,
9.288149,-68.689642,5.38,
9.290334,-74.894313,5.28,
9.291005,-74.734591,5.86,
9.291993,46.817228,5.96,
9.301633,-51.050859,5.26,
9.307199,35.36408,5.94,
9.311766,-51.560651,5.83,
9.314069,36.802597,3.82,
9.32587,-15.834663,5.79,
9.329551,-11.974853,4.77,
9.341394,-9.555695,4.8,
9.349117,-62.404632,4.79,
9.350925,34.392562,3.14,
9.35822,-25.965439,4.71,
9.362026,56.699219,5.79,
9.363909,-55.514686,5.61,
9.36416,-42.19486,5.56,
9.368562,-55.010668,2.47,Markeb
9.373331,-46.047445,5.74,
9.386739,-28.833873,4.71,
9.401526,-61.648902,5.99,
9.40268,-80.786876,5.34,
9.410906,26.182324,4.47,
9.423343,-5.117394,5.6,
9.424253,-61.950476,5.77,
9.438324,-53.378909,5.09,
9.451788,-71.601895,5.46,
9.45511,-22.343783,4.72,
9.45979,-8.658603,1.99,Alphard
9.462995,-6.071187,5.38,
9.474278,9.056778,5.4,
9.474771,8.188298,5.72,
9.47516,-66.701877,5.9,
9.477775,45.601483,5.4,Intercrus
9.479763,-62.273134,5.91,
9.485805,-2.768964,4.59,
9.486845,-20.749127,5.66,
9.487423,-35.951335,4.51,
9.498474,-26.589616,5.49,
9.501421,-51.517164,5.45,
9.506246,-15.577352,5.86,
9.50651,-58.361839,5.88,
9.511674,-40.466769,3.6,
9.512006,33.655711,5.87,
9.512804,-31.889222,5.75,
9.520371,-57.034377,3.16,
9.525453,63.061861,3.65,
9.525601,-31.871831,5.91,
9.525671,35.103273,5.39,
9.52584,-35.71475,5.86,
9.526752,-73.080913,5.46,
9.528675,22.967971,4.32,Alterf
9.532428,11.299827,4.99,
9.53266,9.715767,5.07,
9.533036,-1.184664,4.54,
9.538688,-40.649335,5.35,
9.539003,-19.400303,5.74,
9.547715,51.6773,3.17,
9.548826,-13.516804,5.95,
9.553461,-21.115722,5.02,
9.557237,-22.863883,5.92,
9.562374,-49.005072,5.12,
9.564857,-80.941258,5.07,
9.56911,-51.255266,5.01,
9.570384,36.397558,4.54,
9.574071,-59.229753,4.08,
9.574703,69.830343,4.54,
9.575736,-5.914948,5.56,
9.580405,52.051477,4.47,
9.581508,72.205679,5.77,
9.584399,39.621493,4.81,
9.594334,35.810133,5.4,
9.611903,31.161734,5.57,
9.613772,-49.355026,4.34,
9.616725,-25.296759,5.68,
9.617384,16.437952,5.73,
9.618151,81.326382,4.28,
9.619413,-32.178646,5.62,
9.620184,-53.668508,5.44,
9.620185,6.835802,5.0,
9.624557,-36.095994,5.96,
9.633736,-43.190944,5.51,
9.639383,40.239793,5.28,
9.640913,4.649293,4.68,
9.655839,-61.32806,4.51,
9.65775,67.27223,5.96,
9.664267,-1.14281,3.9,Ukdah
9.671768,-14.332292,5.07,
9.678494,-57.983553,5.3,
9.68393,-57.259542,5.8,
9.685843,9.892308,3.52,Subra
9.688058,-23.591514,4.76,
9.693087,31.277817,5.9,
9.696648,-55.213762,5.99,
9.700098,39.757851,5.61,
9.704011,-23.915569,4.93,
9.704137,69.237537,5.72,
9.715895,72.252618,5.15,
9.725906,29.974473,5.64,
9.728406,-53.891282,5.56,
9.728862,14.021692,5.36,
9.736694,-27.769471,4.78,
9.754117,-62.507903,3.69,
9.764188,23.774255,2.97,Ras Elased Australis
9.769457,6.708556,5.8,
9.772352,-76.77612,5.43,
9.773147,11.810043,5.67,
9.773225,1.785586,5.65,
9.775104,-44.75506,5.58,
9.775462,57.12807,5.09,
9.785036,-65.072007,2.92,
9.80981,46.021008,5.08,
9.824471,-37.186765,5.95,
9.832541,-45.732736,5.09,
9.844985,-46.933923,5.72,
9.848775,-62.745116,5.56,
9.849867,59.038735,3.78,
9.853347,-59.425774,5.79,
9.855481,-46.193871,5.62,
9.85797,-14.846603,4.11,Zhang
9.861298,-46.54762,4.58,
9.864732,24.395369,5.29,
9.868433,54.064332,4.55,
9.875121,-8.10503,5.07,
9.879398,26.006951,3.88,Rasalas
9.895257,5.958573,5.9,
9.897251,-51.146713,5.95,
9.903425,-25.932345,4.87,
9.904905,-45.283516,5.72,
9.914234,-50.243959,5.71,
9.914503,-19.00936,4.94,Felis
9.928612,49.819843,5.27,
9.940549,8.933157,5.85,
9.943192,-33.418496,5.83,
9.947708,-54.56779,3.52,
9.953776,57.418196,5.97,
9.96141,41.055633,5.11,
9.970382,12.4448,5.26,
9.973019,72.879509,5.86,
9.981191,-35.890973,5.23,
9.993395,29.645233,5.75,
9.997695,56.811807,5.5,
10.003557,8.044223,4.68,
10.012191,-82.21467,5.53,
10.016864,31.923672,5.37,
10.033361,-60.42089,5.93,
10.046931,21.949258,5.68,
10.072486,-24.285534,5.7,
10.076759,53.891716,5.71,
10.085408,-13.064626,4.6,
10.103115,-47.369995,5.06,
10.119305,-17.141733,5.59,
10.122209,16.762664,3.48,
10.123821,35.244693,4.49,
10.131742,9.997508,4.39,
10.1323,-0.371637,4.48,
10.139532,11.967207,1.36,Regulus
10.145223,-65.815438,5.26,
10.148957,-51.811261,4.85,
10.158386,-68.682779,5.8,
10.168302,-12.815923,5.3,
10.168761,-8.40817,5.91,
10.176467,-12.354083,3.61,
10.177142,-41.715247,5.98,
10.182184,-8.418462,5.64,
10.186884,37.4019,5.86,
10.19624,-58.060544,5.7,
10.213435,4.61468,5.77,
10.223016,-51.232971,5.27,
10.224448,-51.755788,5.78,
10.225184,-66.372811,5.15,
10.228961,-70.037903,3.29,
10.229427,-40.346056,5.91,
10.245607,-42.121942,3.85,
10.258767,-43.112369,5.59,
10.270677,29.310501,5.49,
10.275639,23.503095,5.95,
10.277983,13.728334,5.42,
10.278171,23.417311,3.43,Adhafera
10.278268,25.370705,5.84,
10.28472,-61.332304,3.39,
10.284952,42.914365,3.45,Tania Borealis
10.287378,23.10622,5.81,
10.293834,-8.068914,5.25,
10.300583,65.108351,5.74,
10.302109,-28.992,5.52,
10.307847,-41.66849,5.97,
10.310561,-56.110393,5.8,
10.318083,-64.676258,5.66,
10.326877,-55.029305,4.59,
10.328938,19.470914,4.78,
10.332873,19.841489,2.01,Algieba
10.337977,-47.69909,5.66,
10.348557,-56.04322,4.5,
10.350943,68.747651,5.88,
10.369607,41.22953,5.73,
10.372108,-41.64996,4.82,
10.372155,41.499516,3.06,Tania Australis
10.382824,-66.901498,4.97,
10.385091,33.908145,5.89,
10.390688,-4.074035,5.93,
10.391478,-38.009839,5.34,
10.402182,65.566423,4.94,
10.40239,33.718531,5.52,
10.406592,-74.031612,3.99,
10.416516,-58.576303,5.93,
10.420887,8.784845,5.61,
10.428964,-7.059829,5.6,
10.431895,33.79612,4.72,
10.434842,-16.83629,3.83,
10.446924,-54.877302,5.58,
10.45253,-31.067779,4.28,
10.456798,-57.638805,4.65,
10.464649,-58.739403,3.81,
10.464727,36.707212,4.2,
10.481274,-64.172278,5.27,
10.491306,-2.739078,5.19,
10.491383,-29.663832,5.58,
10.493161,-30.607065,5.57,
10.495037,84.252009,5.52,
10.501792,38.925132,5.79,
10.504855,-0.637026,5.08,
10.505581,-71.992793,4.72,
10.510461,55.980536,4.82,
10.516622,-13.58847,5.59,
10.517242,-73.22149,4.94,
10.518048,82.558587,5.25,
10.522775,-53.715484,4.89,
10.530937,32.379554,5.9,
10.532622,-45.06671,5.76,
10.533743,-61.685332,3.3,
10.536604,14.13727,5.43,
10.54267,-44.618508,5.91,
10.546615,-58.666745,5.98,
10.546853,9.306586,3.84,
10.54913,-47.003353,5.02,
10.553865,40.42556,4.72,
10.558587,34.988695,5.57,
10.566912,-23.745165,5.08,
10.580004,6.953749,5.07,
10.583933,8.650425,5.67,
10.584878,75.712948,4.86,
10.586017,57.082637,5.16,
10.586905,-39.562589,5.5,
10.591166,-78.607786,4.11,
10.59314,-57.557636,4.45,
10.605706,-59.564392,5.08,
10.608994,-12.230121,5.71,
10.620481,-27.412634,4.87,
10.621717,-48.22562,3.84,
10.624187,-58.733339,5.47,
10.625909,-13.384543,4.89,
10.63407,-57.256309,5.89,
10.643043,-16.876572,4.91,
10.645337,31.976237,4.68,
10.645834,-59.182997,4.69,
10.649906,-58.816854,5.96,
10.651581,53.6683,5.55,
10.65213,37.91,5.84,
10.655112,-55.603268,4.29,
10.669848,-65.100209,5.51,
10.696747,68.443499,5.74,
10.697657,-79.783288,5.97,
10.69908,65.71628,5.12,
10.703926,-64.466426,4.76,
10.711269,-59.215759,5.36,
10.711997,-32.715673,5.63,
10.715949,-64.39445,2.74,
10.717191,26.325577,5.51,
10.717789,69.076214,5.01,
10.722478,4.747669,5.77,
10.7236,23.188404,5.08,
10.725639,-60.566619,4.58,
10.725822,46.203877,5.18,
10.728702,57.199203,5.79,
10.73089,-64.249042,5.74,
10.735258,-63.961072,4.8,
10.751118,67.411384,5.95,
10.754546,-80.469597,5.46,
10.763087,-80.540188,4.45,
10.764416,30.682313,5.36,
10.771269,-64.514559,5.33,
10.773484,18.891523,5.5,
10.773689,14.194645,5.49,
10.774889,-64.263242,5.23,
10.779488,-49.420255,2.69,
10.780898,-64.383474,4.87,
10.781127,-17.296874,5.44,
10.782634,-56.757192,5.14,
10.801503,-59.919163,5.98,
10.803921,-31.68785,5.87,
10.811266,-1.958896,5.92,
10.820953,10.545202,5.32,
10.823457,-59.323793,5.85,
10.827079,-16.193648,3.11,
10.828747,-9.852695,5.85,
10.832506,-34.058183,5.61,
10.838349,-8.897763,5.8,
10.851502,-3.092667,5.95,
10.853067,56.58225,5.66,
10.856594,59.320119,5.57,
10.875236,-57.240405,5.26,
10.888526,34.214871,3.79,Praecipua
10.891536,-20.138731,5.23,
10.891559,-58.853171,3.78,
10.891986,69.853881,5.91,
10.892911,54.585128,5.12,
10.895031,-70.720337,5.99,
10.895476,-2.129205,5.45,
10.899648,43.189956,4.66,
10.904938,-13.758036,5.65,
10.908222,-61.826622,5.95,
10.916163,34.034798,5.73,
10.921456,-60.517003,5.93,
10.92689,24.749718,4.3,
10.928444,0.736922,5.91,
10.928999,33.506929,5.02,
10.933742,6.185371,5.91,
10.945289,-37.137765,4.6,
10.952183,-50.765018,5.9,
10.98715,-33.737595,5.7,
10.99112,40.430257,5.03,Chalawan
10.991925,-16.353701,5.88,
10.992438,36.0931,5.99,
10.996244,-18.298783,4.08,Alkes
10.999831,-43.80711,5.81,
11.002572,-42.225859,4.37,
11.003248,-14.083368,5.86,
11.004084,45.526276,5.47,
11.009347,3.617494,4.84,
11.012445,6.101449,4.98,
11.014009,39.212092,5.06,
11.030465,-2.484585,4.73,
11.030677,56.382427,2.34,Merak
11.038827,20.179842,4.42,
11.054133,-11.30347,5.51,
11.060164,-0.000833,5.95,
11.062155,61.751033,1.81,Dubhe
11.075343,-47.679103,5.67,
11.081721,-35.804678,5.43,
11.083619,7.336007,4.62,
11.088867,-27.293612,4.92,
11.099324,-27.287853,5.69,
11.109015,-62.424113,4.62,
11.113866,-70.87793,5.58,
11.115058,1.955525,5.52,
11.121308,-42.638681,5.15,
11.142778,-61.947175,5.11,
11.143165,-58.975037,3.93,
11.145557,-28.08067,5.43,
11.146969,24.658464,5.7,
11.155302,36.309379,5.71,
11.160699,43.207736,5.89,
11.161062,44.498487,3.0,
11.164831,-32.367529,5.79,
11.194302,-22.825847,4.46,
11.209191,-49.100996,5.37,
11.210005,-60.317625,4.59,
11.212568,-64.16977,5.22,
11.220746,-44.372216,5.77,
11.225219,-59.619318,5.74,
11.227611,-53.231813,5.75,
11.22932,-0.069502,5.4,
11.233843,8.060695,5.79,
11.235138,20.523717,2.56,Zosma
11.237335,15.42957,3.33,Chertan
11.253397,23.095502,4.56,
11.264417,13.307578,5.31,
11.277695,-3.651601,4.45,
11.278299,49.47625,5.88,
11.288167,2.010556,5.18,
11.307983,33.094306,3.49,Alula Borealis
11.315266,1.650395,5.9,
11.318864,38.185557,4.76,
11.321297,-64.582491,5.99,
11.322347,-14.778541,3.56,
11.350117,-54.491019,3.9,
11.352276,6.029322,4.05,
11.380442,43.482703,4.99,
11.385596,-56.779355,5.82,
11.386857,-36.164769,5.0,
11.389283,-64.954714,5.09,
11.389415,-18.779973,5.08,
11.398736,10.529509,4.0,
11.400646,1.407765,5.39,
11.4031,-72.256608,5.55,
11.410164,-10.859323,4.81,
11.414702,-17.68401,4.06,
11.416369,11.430292,5.8,
11.424852,-36.063062,5.21,
11.425862,-37.747575,5.87,
11.426771,16.456539,5.58,
11.428717,-63.972475,5.18,
11.43254,55.850459,5.73,
11.443174,-61.115167,5.22,
11.446467,-53.159915,5.8,
11.452644,-12.356749,5.93,
11.465622,2.856265,4.95,
11.476413,-42.674203,5.14,
11.484481,39.336974,5.3,
11.484621,61.778368,5.83,
11.494061,-24.464011,5.77,
11.494957,15.413269,5.74,
11.505248,-3.003501,4.77,
11.508065,18.409801,5.54,
11.508651,43.173242,5.94,
11.523407,69.331076,3.82,Giausar
11.529464,-59.442061,5.07,
11.530223,-59.515648,5.12,
11.53789,-29.261022,4.93,
11.538888,-66.961823,5.89,
11.539097,61.08252,5.46,
11.546538,-7.827523,5.94,
11.546693,-40.436194,5.64,
11.54837,-31.087226,5.13,
11.550038,-31.857625,3.54,
11.560337,-40.586637,5.39,
11.572764,3.060165,5.76,
11.574878,-32.83134,5.96,
11.57847,16.796915,5.95,
11.579355,-54.264091,4.62,
11.582473,-49.13649,5.5,
11.584695,54.785419,5.63,
11.58703,-47.37258,5.64,
11.596363,-63.019841,3.11,
11.598771,-47.641643,5.26,
11.600744,69.322952,5.19,
11.604987,27.781351,5.8,
11.606215,-61.052433,5.84,
11.609706,-33.570057,5.71,
11.611365,-9.802247,4.7,
11.615814,-0.823749,4.3,
11.616852,-61.283442,5.14,
11.621074,-75.896544,5.64,
11.626114,-47.747309,5.46,
11.630127,-67.620379,5.94,
11.635371,-61.826563,5.15,
11.639056,43.625429,5.56,
11.641002,8.134298,5.24,
11.644449,-13.201943,5.48,
11.658227,-65.397766,5.01,
11.670221,-34.74466,4.7,
11.678468,-53.968607,5.95,
11.679742,21.35273,5.26,
11.681568,-62.090101,4.93,
11.684171,34.201635,5.31,
11.688836,-43.095667,5.54,
11.69286,31.746058,5.73,
11.695541,-32.499404,5.2,
11.707889,66.744906,5.32,
11.724219,-37.190155,5.98,
11.725332,-62.489396,5.0,
11.746049,-18.350674,4.71,
11.754733,8.258119,4.84,
11.760141,-66.728763,3.63,
11.762216,-45.690134,5.28,
11.764322,6.529376,4.04,
11.767515,47.779406,3.69,Taiyangshou
11.775232,-61.178398,4.11,
11.775376,-40.500354,4.89,
11.782116,55.62819,5.27,
11.788654,-57.696498,5.42,
11.798584,8.245895,5.31,
11.799762,20.218931,4.5,
11.80403,-66.81491,4.75,
11.810753,14.28421,5.9,
11.812524,-26.749777,5.1,
11.817663,14.57206,2.14,Denebola
11.828077,-63.788478,4.3,
11.828258,34.931758,5.73,
11.832395,-70.22579,4.98,
11.840911,-62.649381,5.68,
11.844922,1.764718,3.59,Zavijava
11.85062,-5.333332,5.62,
11.852419,-45.17347,4.47,
11.861559,-30.834809,5.85,
11.864237,-65.20591,4.89,
11.869537,-56.987741,5.56,
11.881813,-33.908124,4.29,
11.897168,53.69476,2.41,Phecda
11.911816,-25.713887,5.26,
11.916672,-63.27918,5.89,
11.917537,8.443943,5.58,
11.927814,-28.477103,5.93,
11.927926,15.646818,5.53,
11.932892,56.59856,5.83,
11.933599,-17.150829,5.17,
11.961118,-62.448748,5.59,
11.970898,-56.31731,5.44,
11.979907,-64.33956,5.59,
11.988205,33.167004,5.95,
11.993796,-78.221839,4.88,
11.999142,3.655197,5.36,
12.012347,-10.446014,5.54,
12.014211,-19.658982,5.28,
12.014553,6.614322,4.65,
12.027635,36.042086,5.59,
12.035239,43.0456,5.22,
12.043815,-69.192288,5.89,
12.050447,-63.31293,4.32,
12.060973,-42.434056,5.15,
12.071277,21.459153,5.89,
12.072008,-63.165711,4.72,
12.077479,-68.328912,5.34,
12.079616,-76.519061,5.04,
12.082564,-60.968252,5.95,
12.086817,8.732985,4.12,
12.087451,76.905734,5.78,Tonatiuh
12.106404,-65.709453,5.95,
12.114687,-64.61373,4.14,
12.130565,-75.367019,5.17,
12.134788,-50.661278,4.46,
12.137422,-48.692487,5.34,
12.13931,-50.722425,2.58,
12.140225,-24.728875,4.02,Alchiba
12.148281,-44.325989,5.75,
12.148497,-41.231605,5.51,
12.161475,1.897889,5.95,
12.167616,5.807008,5.72,
12.168746,-22.619766,3.02,
12.184401,-23.602423,5.45,
12.194202,-52.36846,3.97,
12.19755,25.87028,5.66,
12.202581,20.542064,5.6,
12.203311,77.616241,5.14,
12.206106,-62.950773,5.91,
12.223623,-38.929188,5.77,
12.223872,10.262341,5.85,
12.234085,-45.723919,5.31,
12.249884,-20.84422,5.82,
12.252366,70.200008,5.72,
12.252427,-58.748928,2.79,Imai
12.257086,57.032617,3.32,Megrez
12.263437,-17.541929,2.58,Gienah
12.266719,14.899071,5.09,
12.268763,40.66018,5.69,
12.272372,23.945409,4.93,
12.27504,33.061527,4.99,
12.291551,53.191331,5.8,
12.291827,28.937189,5.71,
12.292917,-67.960736,4.06,
12.305812,-79.31224,4.24,
12.307298,-64.003071,4.06,
12.311199,-0.787184,5.9,
12.313901,75.160561,5.47,
12.316608,-55.143002,5.01,
12.330199,48.984148,5.28,
12.331766,-0.666803,3.89,Zaniah
12.336326,-22.1757,5.94,
12.3388,26.619482,5.52,
12.339161,3.312574,4.97,
12.34268,-22.215901,5.2,
12.345286,17.792868,4.72,
12.347461,57.864118,5.54,
12.348809,-13.565724,5.14,
12.356031,-60.401147,3.59,Ginan
12.365953,-56.374385,5.91,
12.368713,-67.522105,5.15,
12.370009,-68.307316,5.73,
12.375087,25.84616,4.78,
12.380403,-57.676132,5.38,
12.38933,-24.840669,5.66,
12.393174,-35.412677,5.32,
12.395765,-38.911381,5.79,
12.400414,51.562257,4.76,
12.405146,26.098606,5.17,
12.41756,56.777828,5.82,
12.419935,-11.61059,5.95,
12.422706,-35.186417,5.71,
12.43082,39.018616,5.01,
12.440018,27.268237,4.92,
12.442158,-51.450635,4.82,
12.443311,-63.099092,0.77,Acrux
12.447692,-32.830121,5.56,
12.448966,28.268423,4.35,
12.449805,26.825699,4.98,
12.458019,-58.991756,5.38,
12.459754,55.712724,5.68,
12.467331,-50.230635,3.91,
12.472908,-39.041172,5.45,
12.481863,25.912852,5.29,
12.490845,24.108925,5.47,
12.495344,20.896109,5.68,
12.497739,-16.515432,2.94,Algorab
12.498388,-56.52494,5.78,
12.499267,58.405742,5.37,
12.501868,69.201123,5.01,
12.504846,-23.696419,5.63,
12.516823,24.567168,5.47,
12.519429,-57.113212,1.59,Gacrux
12.527871,-59.423922,5.49,
12.53226,-63.505838,5.96,
12.53451,-16.196007,4.3,
12.536089,-73.001056,5.88,
12.541134,-72.132988,3.84,
12.543334,-13.859105,5.74,
12.558058,69.788238,3.85,
12.559516,-12.830203,5.58,
12.56081,33.247584,5.42,
12.562411,41.35748,4.24,Chara
12.562986,-9.452077,5.48,
12.573121,-23.396759,2.65,Kraz
12.578448,-44.673018,5.76,
12.578902,70.02177,4.95,
12.580857,22.629259,4.8,
12.585489,18.377058,5.03,
12.585602,21.881384,5.86,
12.595987,-41.021945,5.12,
12.600289,-39.869505,5.78,
12.613154,-5.831898,5.88,
12.616204,17.089536,5.7,
12.619739,-69.135564,2.69,
12.628409,-27.138888,5.41,
12.628394,-48.541304,3.85,
12.639557,1.854662,5.68,
12.650962,-30.422387,5.86,
12.652031,21.062559,5.49,
12.654102,-7.995564,4.66,
12.664594,-39.987302,4.63,
12.687765,-13.013901,5.17,
12.689723,-46.145581,5.84,
12.691971,-48.959888,2.2,
12.694345,-1.449375,2.74,Porrima
12.698071,10.235625,4.88,
12.699051,-59.685819,4.91,
12.699199,6.806617,5.57,
12.709858,-48.813109,4.66,
12.713965,-63.058624,5.27,
12.719221,-56.176224,5.99,
12.727236,-1.576996,5.91,
12.733481,-28.323957,5.46,
12.749852,39.278916,5.95,
12.752174,45.440256,5.42,La Superba
12.760294,7.673326,5.22,
12.76055,-60.981318,4.69,
12.771346,-68.108119,3.04,
12.772928,9.539684,5.65,
12.772981,-56.488815,4.62,
12.777433,16.577691,5.12,
12.779508,-33.315483,5.87,
12.788594,62.781155,5.88,
12.792873,66.790304,5.43,Tianyi
12.795359,-59.688764,1.25,Mimosa
12.807297,-27.597384,5.65,
12.810944,60.319822,5.83,
12.815059,14.122584,5.71,
12.81855,83.417832,5.92,
12.820496,83.412901,5.38,
12.821516,27.552379,5.76,
12.829154,-71.98626,5.55,
12.836321,37.516937,5.87,
12.844769,-33.999302,4.9,
12.849413,-52.787424,5.7,
12.854994,-60.329789,5.71,
12.861645,27.540712,4.93,
12.865815,-39.680431,5.99,
12.884502,-54.952473,5.91,
12.885258,-48.943315,4.33,
12.888263,21.244943,4.89,
12.889416,-60.328489,5.75,
12.890607,-40.178872,4.25,
12.896923,-60.376244,5.89,
12.900472,55.959821,1.76,Alioth
12.905879,-9.538994,4.77,
12.9099,-57.177924,4.03,
12.910251,-57.16867,5.08,
12.910889,-59.146701,4.62,
12.915702,47.196722,5.75,
12.916219,-85.123369,5.45,
12.916269,-44.151968,5.89,
12.922067,-42.915732,5.46,
12.924598,65.438474,5.23,Taiyi
12.926725,3.39747,3.39,Minelauva
12.932538,-56.835806,5.34,
12.933468,38.314912,5.61,
12.933807,38.31838,2.89,Cor Caroli
12.938221,54.099489,5.84,
12.942142,-72.185212,5.93,
12.951212,-51.198752,5.17,
12.982068,17.409446,4.76,
12.99431,-3.811926,5.79,
12.998665,66.597272,5.37,
13.004576,30.785021,4.88,
13.009985,-3.368488,5.99,
13.012125,56.366338,4.93,
13.019337,17.123147,5.97,
13.036278,10.95915,2.85,Vindemiatrix
13.037759,-71.548855,3.61,
13.051487,-71.475729,5.93,
13.059256,-49.527264,4.83,
13.062808,-20.583497,5.58,
13.095678,35.798899,5.2,
13.097853,45.26855,5.64,
13.104642,-48.463289,4.71,
13.106278,22.616187,5.53,
13.109743,-41.588443,5.59,
13.115069,-35.862033,5.63,
13.11518,-49.906246,4.27,
13.119646,27.624741,4.8,
13.123418,-59.86051,5.98,
13.127305,-53.459764,5.7,
13.131614,-10.740408,5.15,
13.135321,-65.306023,5.44,
13.142352,-8.984385,5.57,
13.150909,-23.11807,4.94,
13.153454,10.022468,5.79,
13.162578,-10.329327,5.95,
13.163291,16.848611,5.91,
13.165831,-5.53901,4.38,
13.166469,17.529431,4.32,Diadem
13.167563,38.498981,5.91,
13.185805,-42.232891,5.78,
13.189789,-43.368553,5.24,
13.197612,-69.942017,5.92,
13.197904,27.878183,4.23,
13.200901,-37.803022,4.85,
13.200984,-16.198601,5.04,
13.204892,-59.920579,4.58,
13.209145,11.556096,5.76,
13.21355,-66.226747,5.91,
13.223156,-50.699829,5.9,
13.228597,40.152885,4.94,
13.236361,-19.930947,5.31,
13.236699,-58.683937,5.91,
13.237578,-59.103235,4.9,
13.238153,-78.447454,5.84,
13.242023,11.331656,5.64,
13.245361,-48.957022,5.84,
13.25416,-67.894589,4.79,
13.258882,40.855199,5.77,
13.266322,-19.943103,5.21,
13.279588,9.424156,5.19,
13.281425,-31.506196,5.1,
13.286952,-66.783438,4.86,
13.2872,-43.979479,5.82,
13.287674,13.675751,5.33,
13.292379,40.572608,4.72,
13.293412,5.469869,4.78,
13.304034,49.682062,5.14,
13.306763,-18.311196,4.74,
13.307701,34.098304,5.81,
13.315359,-23.171512,2.99,
13.3386,40.150548,5.6,
13.343296,-36.712295,2.75,
13.343843,-52.747825,5.47,
13.349367,-46.880008,5.76,
13.361567,2.087243,5.69,
13.369358,5.154764,5.89,
13.371191,-52.182956,5.81,
13.377211,-60.988393,4.52,
13.383643,-17.735274,5.36,
13.388582,-4.924427,5.88,
13.398747,54.925362,2.23,Mizar
13.400128,-64.535668,4.52,
13.40923,-5.16401,5.76,
13.418522,23.854419,5.75,
13.418694,-74.887818,5.04,
13.419883,-11.161322,0.98,Spica
13.420413,54.987958,3.99,Alcor
13.420568,-64.485144,5.32,
13.430657,-70.627248,5.65,
13.435483,-39.755107,5.11,
13.435566,72.391476,5.82,
13.436504,-1.192471,5.97,
13.437943,46.028055,5.88,
13.445325,-12.707664,5.27,
13.448922,-41.497562,5.69,
13.449205,78.643869,5.74,
13.457546,-15.973578,4.76,
13.473837,13.778787,4.97,
13.474203,59.945787,5.4,
13.486945,10.81831,5.65,
13.490348,-51.165134,5.04,
13.517405,-39.407307,3.9,
13.532746,-6.255816,4.68,
13.543307,-28.692768,5.69,
13.547679,-15.363012,5.52,
13.549465,-10.165,5.21,
13.568698,55.348434,5.6,
13.56887,3.658967,4.92,
13.57425,49.015973,4.68,
13.577903,-13.214324,5.92,
13.57822,-0.59582,3.38,Heze
13.579943,37.182415,4.91,
13.592027,-5.396191,5.7,
13.61346,-26.495198,5.73,
13.616412,24.613297,5.72,
13.618339,-44.143203,5.96,
13.619731,71.242252,5.5,
13.62008,-61.691856,5.63,
13.623189,-46.427879,5.91,
13.624345,36.294898,4.82,
13.645021,-29.560867,5.81,
13.658472,52.921208,5.46,
13.659616,10.746269,5.57,
13.663488,-40.051708,5.61,
13.664796,-53.466394,2.29,
13.666622,-49.949956,5.74,
13.669656,-64.576553,5.79,
13.677909,19.955719,5.73,
13.678967,54.681634,4.63,
13.682257,-85.786043,5.56,
13.683986,22.495768,5.63,
13.691625,64.822411,5.85,
13.693549,-8.702984,5.03,
13.695775,-54.559425,4.99,
13.700307,-58.787078,5.38,
13.706379,82.752408,5.92,
13.71093,78.064437,5.91,
13.712063,34.989021,5.98,
13.715287,-41.401043,5.96,
13.717698,3.537903,5.35,
13.727802,-42.067521,5.96,
13.741618,-16.179072,5.55,
13.760249,-26.116009,5.81,
13.761471,-33.043721,4.23,
13.765644,-12.426528,5.5,
13.770435,41.088746,5.88,
13.771964,38.503626,5.92,
13.776573,54.432679,5.68,
13.777604,-51.432766,4.64,
13.778701,25.702236,5.97,
13.78232,-36.251933,5.15,
13.783277,38.542697,5.51,
13.78771,17.456906,4.5,
13.790386,-17.859839,5.41,
13.791005,-50.249291,5.92,
13.792354,49.313265,1.85,Alkaid
13.794052,-50.320682,5.46,
13.81076,31.190206,5.61,
13.824091,-34.450776,4.19,
13.824623,15.797905,4.05,
13.825078,-41.687709,3.41,
13.826943,-42.473732,3.47,
13.828564,21.264105,4.92,
13.829296,61.489313,5.97,
13.831191,-18.134168,4.96,
13.85256,34.664399,5.89,
13.857205,64.723272,4.58,
13.863117,-46.898666,5.77,
13.863174,-69.401258,5.73,
13.863188,34.44424,4.76,
13.863779,-32.994089,4.32,
13.868021,-52.81153,5.26,
13.886192,28.648131,5.91,
13.886817,-31.927612,4.75,
13.886925,17.932868,5.71,
13.892437,-35.664248,5.53,
13.895306,-53.373323,5.87,
13.897507,53.728677,5.7,
13.899234,-47.128164,5.83,
13.911411,18.397717,2.68,Muphrid
13.911707,-1.503125,5.16,
13.913646,-67.6521,5.74,
13.920042,-52.160822,5.66,
13.925667,-47.288375,2.55,
13.927493,-82.66619,5.95,
13.938837,-46.592948,5.82,
13.941077,1.050581,5.9,
13.942827,27.492082,5.02,
13.960809,-63.686696,4.71,
13.971186,-42.100753,3.83,
13.975319,-24.972249,5.2,
13.977479,21.696219,5.76,
13.977987,-44.803584,3.87,
13.988187,-50.369647,5.92,
14.000037,-25.010403,5.77,
14.014596,-66.26891,5.96,
14.022341,8.894906,5.98,
14.027443,1.544532,4.23,
14.028748,-45.603421,4.34,
14.039662,-27.429773,5.47,
14.057371,-56.213434,5.93,
14.063729,-60.373039,0.61,Hadar
14.073165,64.37585,3.67,Thuban
14.088903,-76.796752,5.69,
14.10077,-41.179633,4.36,
14.106193,-26.682361,3.25,
14.111395,-36.369954,2.06,Menkent
14.111896,-9.313515,5.46,
14.132154,43.854452,5.13,
14.138145,49.458167,5.26,
14.147498,77.547514,4.8,
14.159734,-51.504672,5.96,
14.165242,-53.438946,4.74,
14.173315,25.091677,4.82,
14.18069,-16.30203,4.93,
14.201122,69.432548,5.18,
14.20439,2.409433,4.99,
14.212785,-27.261186,5.07,
14.214929,-10.273702,4.18,Kang
14.221226,-53.665674,5.53,
14.224718,51.789965,4.53,
14.227997,-0.845463,5.89,
14.234773,12.959444,5.53,
14.245191,-41.837495,5.61,
14.247458,10.10061,5.29,
14.249208,-57.086126,5.03,
14.256691,-18.20069,5.53,
14.26103,19.18241,-0.05,Arcturus
14.266908,-6.000547,4.07,Syrma
14.269439,51.367231,4.75,
14.273074,46.088305,4.18,Xuange
14.277423,-66.587894,5.72,
14.291237,15.26338,5.84,
14.29995,35.509505,4.8,
14.303877,-81.00776,4.89,
14.310627,-18.715968,5.86,
14.316922,-25.815426,5.87,
14.318498,-13.371095,4.52,Khambalia
14.321188,13.004299,5.41,
14.323302,-37.002907,5.93,
14.323396,-46.058093,3.55,
14.325689,-2.265518,5.14,
14.329233,16.306948,4.84,
14.331002,-61.272972,5.22,
14.336029,-43.058843,5.55,
14.338763,-56.386497,4.3,
14.342623,-37.885295,4.05,
14.345159,-45.18706,4.78,
14.372145,-34.786792,5.57,
14.373108,-80.108945,5.06,
14.376971,-58.459117,4.76,
14.383956,-39.511819,4.41,
14.384942,-27.754017,4.78,
14.389638,8.446617,4.86,
14.396834,-53.176233,5.99,
14.400243,8.243969,5.94,
14.403151,5.820131,5.1,
14.413508,-24.80631,5.34,
14.418426,-68.195333,5.56,
14.419967,51.850744,4.04,
14.435619,-45.221424,4.56,
14.436336,-45.379276,4.33,
14.440935,19.2269,5.4,
14.448801,-83.667884,4.31,
14.451973,-65.821646,5.87,
14.453392,-46.134254,5.83,
14.458758,75.695993,4.25,
14.469564,-29.491638,4.97,
14.470038,-2.227957,4.81,Elgafar
14.477197,49.844851,5.58,
14.478256,-6.900536,5.42,
14.497366,0.828929,5.96,
14.502399,-45.321355,5.51,
14.505823,-49.519018,5.38,
14.519678,-38.869708,5.99,
14.521224,-67.717197,5.84,
14.5305,30.371437,3.57,
14.534636,38.308253,3.04,Seginus
14.541926,55.39801,5.74,
14.542374,22.260059,5.91,
14.543629,-50.457157,4.44,
14.558325,-52.679522,5.86,
14.559004,-54.998628,5.86,
14.577676,49.368354,5.74,
14.578,29.74513,4.47,
14.591786,-42.157824,2.33,
14.592079,-41.517436,5.88,
14.605288,-46.245451,5.55,
14.61226,-40.21158,5.74,
14.622266,-46.133439,5.39,
14.631454,-49.425828,4.05,
14.636837,43.64213,5.74,
14.637219,18.298379,5.9,
14.63756,54.023339,5.83,
14.647289,44.4045,5.39,
14.660346,-60.8383,1.35,Toliman
14.660765,-60.833976,-0.01,Rigil Kentaurus
14.678442,13.534325,5.93,
14.678768,16.418324,4.49,
14.683721,-36.134858,5.67,
14.68582,13.7283,3.78,
14.694097,8.161764,4.86,
14.695423,11.660662,5.55,
14.698823,-47.3882,2.3,
14.699332,-37.793498,4.01,
14.708492,-64.975138,3.18,
14.717673,-5.658207,3.87,
14.720431,-24.997753,5.7,
14.723712,26.52785,4.8,
14.727624,-35.173655,4.06,
14.72901,40.459254,5.72,
14.749778,-35.191826,4.92,
14.749784,27.074222,2.35,Izar
14.754017,16.96428,4.6,
14.754802,-62.875648,5.36,
14.75839,0.717271,5.68,
14.766691,-25.443181,5.15,
14.768319,15.131788,5.78,
14.768547,-23.153018,5.8,
14.770812,1.892885,3.73,
14.774724,-47.441116,5.74,
14.783694,-52.383518,5.22,
14.784747,-38.290639,5.9,
14.789599,-25.624267,5.61,
14.795779,-26.0875,5.23,
14.797701,-79.044751,3.83,
14.799322,-26.646155,5.76,
14.810569,-36.634697,5.89,
14.812377,-66.593563,5.91,
14.821853,46.116205,5.76,Merga
14.821874,-24.25147,5.68,
14.821959,-14.149022,5.32,
14.828143,48.720804,5.68,
14.832888,28.615832,5.8,
14.837723,23.911844,5.86,
14.838147,-27.960371,4.42,
14.838814,82.511944,5.63,
14.841577,37.272047,5.47,
14.844773,-15.997237,5.15,
14.845105,74.155505,2.07,Kochab
14.847977,-16.041778,2.75,Zubenelgenubi
14.850298,-2.29915,4.93,
14.856493,19.10046,4.54,
14.857362,59.293985,5.48,
14.860641,-43.575359,4.32,
14.876462,-63.809827,5.91,
14.880855,-37.80316,5.02,
14.887097,-73.190071,5.59,
14.905592,-24.642202,5.27,
14.906354,-11.898348,5.78,
14.910532,-33.300575,5.85,
14.926287,-60.114164,5.18,
14.929085,-33.855785,5.32,
14.937008,14.446266,5.9,
14.938123,-52.809548,5.38,
14.939724,49.628449,5.63,
14.942239,-47.879198,5.62,
14.945554,-62.781016,5.08,
14.946142,-11.409701,5.48,
14.953055,-4.346462,4.47,
14.953244,16.388128,5.72,
14.957765,-21.415475,5.72,
14.959236,-0.167612,5.51,
14.959743,65.93246,4.63,
14.964755,-76.662655,5.37,
14.975537,-43.13396,2.68,
14.977572,-27.657314,5.65,
14.98155,-11.144014,5.88,
14.986025,-42.104194,3.13,
14.989754,4.567761,5.91,
14.993598,39.265333,5.64,
15.003147,-77.16055,5.92,
15.016208,-8.518943,4.91,
15.020303,-38.058398,5.88,
15.022174,-2.754927,5.52,
15.024195,60.204453,5.91,
15.030255,-0.140295,5.71,
15.030754,-83.227646,5.65,
15.032436,40.390566,3.49,Nekkar
15.035119,-28.060611,5.83,
15.035141,25.008138,4.8,
15.048344,2.091303,4.39,
15.049799,-32.643294,5.45,
15.051683,35.205795,5.52,
15.063174,47.65406,4.83,
15.067839,-25.281965,3.25,Brachium
15.074098,26.947649,4.52,
15.079711,-83.038311,5.65,
15.08003,-64.03135,5.16,
15.085303,-47.051245,3.91,
15.088656,-41.067236,5.13,
15.090515,48.150972,5.59,
15.104638,54.556318,5.24,
15.109222,-30.918483,5.97,
15.110444,-16.256818,5.19,
15.121682,24.869195,4.93,
15.123874,-49.088612,5.77,
15.136703,-40.58393,5.75,
15.139939,26.301152,5.67,
15.143212,25.108635,5.82,
15.144223,-42.867921,5.85,
15.147394,-45.279857,4.07,
15.15831,-67.084133,5.76,
15.168702,-38.792511,5.98,
15.171843,-26.332621,5.75,
15.185777,-84.787812,5.88,
15.187773,-55.346032,5.45,
15.198918,-48.737819,3.88,
15.199363,-48.743687,5.7,
15.201184,18.976031,5.9,
15.203692,-19.79171,4.54,
15.20476,-52.099247,3.41,
15.213776,-44.500414,4.83,
15.231476,-26.193569,5.84,
15.235011,31.787845,5.98,
15.238658,-70.079476,5.75,
15.241435,29.164295,5.28,
15.2437,-31.519121,4.91,
15.243926,67.346722,5.15,
15.253154,4.939362,5.32,
15.258376,33.314833,3.46,
15.263633,0.372139,5.62,
15.264907,-48.073661,5.96,
15.267785,-41.491155,5.15,
15.273059,-22.399416,5.52,
15.276859,-60.903996,5.74,
15.282471,-60.957255,5.04,
15.283449,-9.382917,2.61,Zubeneschamali
15.284968,71.823901,5.02,
15.291917,-58.801208,4.07,
15.294136,-63.610465,4.85,
15.297178,-30.148673,4.35,
15.306807,20.572778,5.68,
15.307257,-0.461234,5.88,
15.308897,-47.875272,4.27,
15.313651,-60.496334,5.43,
15.315181,-68.679545,2.87,
15.315661,-40.788222,5.59,
15.321888,1.765408,5.04,
15.334763,51.958515,5.65,
15.335714,29.616209,5.51,
15.345483,71.834016,3.0,Pherkad
15.350554,0.715337,5.35,
15.352114,-5.824853,5.54,
15.356201,-40.647518,3.22,
15.36344,-36.261376,3.57,
15.363495,32.933695,5.38,
15.363507,-48.317628,5.65,
15.368975,-47.927792,4.99,
15.377014,62.047076,5.99,
15.377048,39.581463,5.56,
15.377341,63.341439,5.72,
15.378021,-44.689622,3.37,
15.385931,-36.858489,4.54,
15.386265,-60.657176,5.65,
15.38675,30.287812,4.99,
15.389625,-59.320787,4.48,
15.397844,-12.369501,5.72,
15.403303,-10.322266,4.92,
15.408181,37.377167,4.31,Alkalurops
15.412504,-39.710268,5.36,
15.415494,58.966065,3.29,Edasich
15.422285,-38.73362,4.6,
15.429832,15.428036,5.16,
15.437389,-68.309167,5.89,
15.438166,34.335996,5.46,
15.455037,-36.76756,5.46,
15.459193,-64.531504,5.71,
15.463818,29.105703,3.66,Nusakan
15.464287,60.670217,5.9,
15.470947,-16.716484,5.64,
15.477288,1.842081,5.15,
15.490075,-46.732704,5.26,
15.511223,-16.609464,5.82,
15.515488,40.833047,5.04,
15.515514,64.208693,5.74,
15.523619,77.349352,5.0,
15.525228,-73.389591,5.4,
15.529718,40.899332,4.98,
15.543528,-19.67046,5.5,
15.548673,-16.852844,5.53,
15.548829,31.359133,4.14,
15.549427,-1.186399,5.5,
15.567143,-40.066432,5.82,
15.569638,-10.064529,4.61,
15.574032,-9.183416,5.16,
15.577033,-28.046983,5.13,
15.578128,26.714693,2.22,Alphecca
15.580041,10.538867,3.8,
15.585681,-41.166757,2.8,
15.587476,39.010067,5.14,
15.587835,53.922144,5.97,
15.592105,-14.789537,3.91,Zubenelhakrabi
15.598126,-44.958389,4.55,
15.599182,54.630567,5.77,
15.603364,-44.396823,5.44,
15.608121,16.119085,5.93,
15.608216,10.010176,5.26,
15.612,-66.317037,4.11,
15.61707,-28.135079,3.6,
15.625562,54.508733,5.85,
15.62755,69.283344,5.65,
15.630011,-23.141698,5.79,
15.630441,40.353433,5.25,
15.634232,-42.567348,4.34,
15.637833,46.797751,5.76,
15.637855,-21.016327,5.82,
15.642833,50.423283,5.84,
15.64427,-29.777754,3.66,
15.647079,-52.372695,5.43,
15.648488,-19.301892,5.36,
15.656299,36.635812,4.64,
15.662772,-34.411926,4.66,
15.665726,-59.908338,5.95,
15.67136,-23.818078,4.97,
15.672598,-73.446685,5.64,
15.686505,-44.661205,4.64,
15.692516,19.670401,4.51,
15.696504,12.847528,5.34,
15.698527,-76.081959,5.95,
15.698532,18.464037,5.8,
15.699111,-19.678828,4.75,
15.710645,-37.424935,5.23,
15.711395,-34.710407,4.75,
15.712381,26.295637,3.81,
15.714107,52.360903,5.48,
15.721161,-84.465273,5.57,
15.73314,32.515807,5.57,
15.733839,2.515173,5.86,
15.734299,77.794493,4.29,
15.734556,-15.672834,5.41,
15.737798,6.425627,2.63,Unukalhai
15.739633,-41.819089,5.93,
15.756523,5.447315,5.57,
15.768233,-1.804193,5.39,
15.769793,15.421826,3.65,
15.77406,7.353073,4.42,
15.776337,55.474791,5.94,
15.777772,62.599557,5.19,
15.77895,-34.682454,5.61,
15.788144,14.115348,5.71,
15.793867,55.376627,5.85,
15.798078,-65.442291,5.54,
15.803696,13.789078,5.98,
15.80956,28.156749,5.89,
15.812327,18.141564,4.09,Gudja
15.815777,-3.818513,5.53,
15.82657,26.068394,4.59,
15.827002,-3.430208,3.54,
15.83264,-48.912408,5.86,
15.835304,-53.20977,5.78,
15.838207,2.196509,5.21,
15.846935,4.47773,3.71,
15.849316,-33.627165,3.97,
15.849652,-25.751295,4.63,
15.851891,-55.055533,5.74,
15.85387,35.657382,4.79,
15.854331,-3.090497,5.09,
15.85442,20.977919,4.74,
15.871269,55.826713,5.81,
15.877903,42.451518,4.6,
15.888905,-20.16704,5.04,
15.893533,-25.327142,4.59,
15.897093,-16.729293,4.13,
15.89831,-24.533157,5.38,
15.898851,-23.978094,5.41,
15.909615,20.310968,5.45,
15.910516,43.138567,5.35,
15.910981,-25.243741,5.87,
15.916768,-19.382926,5.95,
15.919083,-63.430727,2.83,
15.924891,-68.603001,5.11,
15.925023,-26.265993,5.63,
15.925166,42.566193,5.73,
15.925665,-60.177647,5.78,
15.929884,37.946958,5.43,
15.934982,-60.482477,5.76,
15.940882,15.661617,3.85,
15.948077,-29.214073,3.87,Iklil
15.948193,-33.966134,5.14,
15.948366,-33.964281,5.59,
15.954048,14.41448,5.54,
15.955924,-36.185344,5.78,
15.959794,26.87788,4.14,
15.96124,-20.98308,5.84,
15.963196,54.749762,4.96,
15.969825,-14.279358,4.95,
15.976352,-24.831488,5.43,
15.980865,-26.114105,2.89,Fang
15.982697,36.643773,5.61,
15.982821,-65.037585,5.74,
15.991743,-41.744436,4.99,
16.002036,-38.396706,3.42,
16.005447,-16.53335,5.47,
16.005557,-22.62171,2.29,Dschubba
16.013231,-8.411353,5.53,
16.014204,4.427363,5.82,
16.017412,33.303509,5.39,
16.020644,17.818397,5.1,
16.024047,29.851061,4.98,
16.031532,58.565251,4.01,
16.034877,52.915917,5.93,
16.038248,22.804454,4.82,
16.046634,46.036705,4.72,
16.053579,-49.229695,4.65,
16.055379,36.631787,5.79,
16.05573,-25.86524,4.96,
16.05672,-38.602541,4.9,
16.058718,76.793939,5.73,
16.058931,-57.775064,4.63,
16.076899,-37.862951,5.91,
16.09062,-19.805453,2.56,Acrab
16.09071,-19.80186,4.9,
16.098851,-72.400898,5.7,
16.101772,-23.606315,5.9,
16.105475,67.810134,5.44,
16.108176,-45.173185,4.73,
16.109874,-36.802288,4.22,
16.113452,-20.669192,3.93,
16.121168,-36.755676,5.72,
16.123424,-20.868764,4.31,
16.126782,-12.74541,5.75,
16.127094,9.891743,5.63,
16.134591,17.04698,5.0,Marsic
16.135439,-26.326679,5.35,
16.141132,8.53431,5.69,
16.145478,-23.685416,5.86,
16.146162,44.934906,4.23,
16.149529,36.490944,4.73,
16.149689,3.454475,5.93,
16.153115,6.378695,5.93,
16.155154,-57.934318,5.57,
16.164033,-3.466729,5.39,
16.164609,-33.545805,5.5,
16.180424,75.877563,5.48,
16.18391,-29.41622,5.09,
16.188256,-41.119803,5.86,
16.193899,23.494801,5.74,
16.196556,42.374569,5.89,
16.196682,36.425094,5.62,
16.199926,-19.460708,4.0,Jabbah
16.199997,-10.064253,4.93,
16.202032,-8.547576,5.43,
16.204456,-28.417305,5.67,
16.205057,-27.926372,4.58,
16.220953,5.021086,5.46,
16.222984,-55.540947,5.78,
16.224648,-54.630467,4.95,
16.230807,-11.837747,5.24,
16.239094,-3.694323,2.73,Yed Prior
16.239546,-33.011088,5.91,
16.24469,33.858613,5.23,
16.254257,-47.372021,5.13,
16.257297,-63.685682,3.86,
16.257955,18.808087,5.72,
16.260352,-8.369442,5.49,
16.263834,-57.91235,5.61,
16.278687,-53.811109,5.45,
16.279107,29.150261,5.8,
16.283593,-50.068122,4.97,
16.284849,-67.941285,5.95,
16.287595,59.755023,5.37,
16.291791,75.75533,4.95,
16.304973,-28.61402,4.8,
16.305358,-4.692511,3.23,Yed Posterior
16.316783,-14.872825,5.97,
16.319783,49.038159,5.93,
16.321568,-42.673965,5.44,
16.325758,-30.906716,5.53,
16.329011,46.313366,3.91,
16.330687,-50.155508,4.01,
16.33199,39.708584,5.48,
16.339119,-78.695745,4.68,
16.340345,-55.139706,5.76,
16.340795,-78.667496,5.27,
16.343939,-24.16932,4.55,
16.353143,-25.592796,2.9,Alniyat
16.363536,69.109391,5.26,
16.365338,19.15313,3.74,
16.367875,1.029039,4.82,
16.368287,30.891996,4.86,
16.372618,33.799052,5.2,
16.374444,-49.572354,5.32,
16.374741,-43.912051,5.89,
16.374783,33.703478,5.4,
16.396437,61.696461,5.67,
16.39986,61.514213,2.73,Athebyne
16.400355,-39.19298,5.37,
16.401718,-20.037327,4.48,
16.403008,6.948207,5.83,
16.407037,55.205096,5.75,
16.408821,-37.566044,5.42,
16.411046,-29.704663,5.4,
16.42338,37.394079,5.53,
16.423598,14.03327,4.57,Cujam
16.426422,-23.447178,4.57,
16.42874,78.963854,5.55,
16.450399,-18.456251,4.22,
16.453067,-47.554786,4.46,
16.462071,-7.597929,5.24,
16.463385,-8.371731,4.62,
16.465918,-64.057942,5.28,
16.4664,68.768137,4.94,
16.470685,-37.179881,5.79,
16.470881,-58.599795,5.67,
16.474422,-70.084401,4.9,
16.476106,0.665002,5.41,
16.477373,41.881677,4.83,
16.490128,-26.432002,1.06,Antares
16.495091,-46.243229,5.35,
16.496367,-14.550879,5.66,
16.503466,-25.115224,4.79,
16.503668,21.489613,2.78,Kornephoros
16.50932,20.479188,5.24,
16.513713,-61.633503,5.19,
16.515229,1.983923,3.82,Marfik
16.518991,-16.612733,4.29,
16.520398,22.195458,5.76,
16.523037,-34.704366,4.24,
16.528269,-41.817145,5.31,
16.529786,45.598281,5.61,
16.535611,-21.46639,4.45,
16.540463,60.823323,5.92,
16.543246,5.52122,5.63,
16.543415,11.488041,4.84,
16.557609,-78.897148,3.86,
16.568061,-44.045315,4.86,
16.568384,42.437041,4.2,
16.572044,-70.988097,5.5,
16.595775,-65.495399,5.5,
16.598043,-28.216016,2.82,Paikauhale
16.603113,46.613333,5.83,
16.603174,52.900048,5.53,
16.603812,52.924422,5.07,
16.605958,-2.324584,5.77,
16.606242,-35.255326,4.18,
16.606268,-42.858861,5.46,
16.619316,-10.56709,2.54,
16.633462,56.01554,5.28,
16.640637,-43.398426,5.83,
16.645794,48.928342,4.86,
16.651452,-37.21737,5.93,
16.677413,4.219789,5.77,
16.681978,64.589046,4.84,
16.688113,31.602726,2.81,
16.689004,-48.762957,5.57,
16.689756,-68.296123,5.89,
16.692884,-17.742167,4.91,
16.693527,26.91688,5.92,
16.694507,-49.651552,5.62,
16.695134,1.181231,5.74,
16.695961,-33.145759,5.84,
16.698247,-19.924377,5.55,
16.714933,38.922254,3.48,
16.718126,-77.517435,4.23,
16.71838,77.513973,5.99,
16.744374,-53.152313,5.96,
16.745165,-40.839675,5.64,
16.750053,-28.509657,5.99,
16.754946,56.781857,4.84,
16.756255,15.745289,5.6,
16.763859,8.582616,5.15,
16.766159,82.037262,4.21,
16.772563,-58.503595,5.74,
16.777779,-67.109691,5.1,
16.779989,-39.376962,5.48,
16.788795,-58.341441,5.55,
16.788818,42.238918,5.86,
16.796227,5.246746,5.22,
16.811077,-69.027715,1.91,Atria
16.820615,45.983323,4.82,
16.826294,13.261141,5.91,
16.82976,-59.041378,3.77,
16.830563,-10.783,4.64,
16.83608,-34.293232,2.29,Larawag
16.838717,7.247683,5.48,
16.844155,29.806538,5.73,
16.856925,1.215947,5.51,
16.859367,-41.230534,5.23,
16.862573,24.656433,5.03,
16.864509,-38.04738,3.0,Xamidimura
16.872263,-38.017536,3.56,Pipirima
16.882796,31.701674,5.34,
16.888213,47.416725,5.99,
16.89034,-20.415555,5.86,
16.895119,-43.050968,5.95,
16.899924,-42.362025,4.7,
16.900106,-57.909507,5.91,
16.900131,10.165359,4.39,
16.90051,-41.806389,5.46,
16.907484,-42.478891,5.84,
16.909731,-42.361313,3.62,
16.909915,-6.153982,5.23,
16.915324,20.958488,5.39,
16.916251,-41.150858,5.78,
16.922825,18.433213,5.35,
16.923523,-63.269659,5.99,
16.93375,65.134796,4.88,
16.941328,-52.283746,5.94,
16.946677,-23.150346,5.57,
16.953104,-33.259492,5.48,
16.961139,9.375033,3.19,
16.971651,-50.641185,5.53,
16.977006,-55.990141,3.12,
16.992771,-69.268164,5.79,
16.993069,-53.160438,4.06,
16.999363,-25.092198,5.88,
17.001745,-54.597179,5.64,
17.002641,-24.98907,5.74,
17.004827,30.926405,3.92,
17.00749,-48.647759,5.98,
17.010275,-35.934133,5.95,
17.016149,22.632095,5.69,
17.017667,-4.222644,4.82,
17.026767,33.56827,5.27,
17.03129,-32.143519,5.03,
17.038526,25.50562,5.76,
17.052186,14.091947,4.97,
17.052419,-53.237028,5.27,
17.060917,13.605346,5.91,
17.064146,-38.152572,5.91,
17.073534,-57.712166,5.73,
17.080376,-34.12293,4.83,
17.088929,54.470042,4.91,
17.089636,12.740828,4.89,
17.092294,-0.89207,5.63,
17.105014,22.084153,5.56,
17.105608,-37.22759,5.98,
17.133907,35.935174,5.41,
17.13746,-17.609052,5.98,
17.146448,65.714683,3.17,Aldhibah
17.146539,-30.40373,5.93,
17.159238,40.777033,5.07,
17.163319,-10.523301,5.43,
17.172968,-15.72491,2.43,Sabik
17.178425,-44.557719,5.06,
17.194077,-48.873399,5.94,
17.202552,-43.239189,3.32,
17.204502,-39.506949,5.66,
17.207725,10.585168,5.32,
17.209047,62.874337,5.54,
17.216266,-32.438332,5.95,
17.221673,-67.196591,5.87,
17.244127,14.390333,2.78,Rasalgethi
17.250531,24.839204,3.12,Sarin
17.250788,36.809162,3.16,
17.255346,-33.54842,5.6,
17.255635,-14.58414,5.98,
17.255836,-26.602829,4.33,Guniibuu
17.259994,-38.593896,5.95,
17.26152,23.742761,5.99,
17.275477,1.210545,5.89,
17.276857,-0.445297,4.72,
17.284349,-32.66284,5.53,
17.288769,33.1001,4.8,
17.294517,37.291498,4.64,
17.300189,-24.286901,5.14,
17.306465,38.811395,5.97,
17.310275,10.864475,5.03,
17.313287,-44.129746,5.76,
17.313479,28.822968,5.68,
17.315842,-34.989792,5.91,
17.317655,-46.636235,5.47,
17.320142,-59.694612,5.93,
17.326961,80.136399,5.74,
17.336065,25.537603,5.36,
17.338575,18.057081,5.01,
17.339203,46.24078,5.51,
17.34432,32.467743,5.38,
17.347128,-12.846875,4.32,
17.348391,24.499435,5.13,
17.350101,-21.112933,4.39,
17.362116,39.974649,5.55,
17.3626,53.420428,5.69,
17.366531,-67.770668,4.76,
17.366827,-24.999545,3.27,
17.368299,-70.123208,5.39,
17.381874,-37.220786,5.91,
17.382007,-58.010327,5.86,
17.38531,-56.525547,5.76,
17.387799,-47.468197,5.21,
17.389331,-28.142831,5.3,
17.394708,37.145946,4.15,
17.399338,8.852571,5.77,
17.400299,-62.864153,5.69,
17.40183,22.960285,5.7,
17.403636,-44.162576,5.1,
17.405221,-60.673799,5.76,
17.40876,16.301006,5.75,
17.411675,-21.441479,5.82,
17.421665,-55.529884,2.84,
17.423239,-56.377727,3.31,
17.428155,60.048398,5.65,
17.433344,-50.63351,5.19,
17.439504,-24.175309,4.16,
17.441911,4.14036,4.34,
17.443856,-5.086596,4.53,
17.445623,48.260065,5.83,
17.446153,34.695802,5.94,
17.44698,20.080977,5.52,
17.447772,-45.84303,5.28,
17.453462,-50.63037,5.9,
17.455909,-29.867033,4.28,
17.460431,-29.724567,5.98,
17.466002,-52.297168,5.72,
17.477476,-55.169686,5.93,
17.48046,0.330625,5.41,
17.482247,-36.77828,5.98,
17.50661,-1.062922,5.31,
17.507213,52.301387,2.79,Rastaban
17.512308,26.110645,4.41,Maasym
17.512732,-37.295811,2.7,Lesath
17.513056,86.968047,5.78,
17.515381,31.158139,5.63,
17.518318,-60.683848,3.6,
17.522593,2.724507,5.57,
17.523134,-56.920964,5.99,
17.523598,-23.962643,4.78,
17.524298,-80.859134,5.83,
17.530439,28.407499,5.66,
17.530695,-49.876145,2.84,
17.532745,68.135024,5.07,
17.536251,55.184243,4.89,
17.536918,86.58646,4.35,Yildun
17.537767,55.172958,4.86,
17.55202,41.243449,5.72,
17.552052,-41.173066,5.84,
17.55634,19.256677,5.65,
17.55829,-5.744803,5.61,
17.560145,-37.103821,1.62,Shaula
17.560941,16.317553,5.68,
17.57686,9.5867,5.8,
17.57847,-32.581662,5.69,
17.579542,-11.241999,5.54,
17.582241,12.560035,2.08,Rasalhague
17.58317,61.874554,5.23,
17.594332,-46.505684,4.56,
17.609121,-38.635308,4.26,
17.610457,48.585634,5.35,
17.615859,68.75797,4.77,
17.619125,72.455794,5.87,
17.62198,-42.997824,1.86,Sargas
17.624253,-50.059702,5.89,
17.625304,24.309991,5.76,
17.626445,-15.398557,3.54,
17.626724,-15.571038,5.94,
17.630754,-8.118771,4.58,
17.634871,-54.500434,5.25,
17.635973,-10.926268,5.74,
17.657747,46.006332,3.82,
17.673276,-49.415587,4.76,
17.687844,-46.92183,5.78,
17.690243,-12.875307,4.24,
17.692312,6.313156,5.97,
17.698978,72.148843,4.57,Dziban
17.699461,72.156911,5.81,
17.699621,15.95243,5.54,
17.707879,24.564058,5.56,
17.708132,-39.029983,2.39,
17.714194,-36.945564,5.53,
17.722659,24.327821,5.73,
17.723833,-21.683194,4.86,
17.724543,4.567303,2.76,Cebalrai
17.733103,53.801715,5.75,Alruba
17.735752,-51.834053,5.12,Cervantes
17.745002,-42.729302,5.87,
17.748848,-57.54554,5.97,
17.762221,-64.723871,3.61,
17.774319,27.720676,3.42,
17.785568,17.697014,5.61,
17.792674,-27.830788,4.53,
17.793078,-40.126997,2.99,
17.79355,-14.725824,5.93,
17.798211,2.707276,3.75,
17.80688,20.565441,5.69,
17.813652,25.622869,5.09,
17.817862,50.781075,5.02,
17.819577,-31.703203,4.79,
17.824155,76.962881,5.02,
17.830965,-37.043304,3.19,Fuyue
17.83642,-40.090435,4.78,
17.839692,29.322143,5.51,
17.84122,-53.612406,5.68,
17.85904,-40.772461,5.94,
17.859853,-60.164056,5.78,
17.870461,-34.799196,5.88,
17.872156,-34.416842,5.84,
17.876512,1.305014,5.91,
17.887274,6.101424,5.77,
17.888341,40.007959,5.17,
17.889853,-34.895125,5.58,
17.892134,56.872643,3.73,Grumium
17.919762,72.005127,5.43,
17.923663,26.049991,5.47,
17.930781,22.464221,5.62,
17.93755,37.250539,3.86,
17.938445,0.670355,5.82,
17.938621,-15.812521,5.93,
17.943437,51.488895,2.24,Eltanin
17.944955,-28.065394,5.76,
17.946507,-44.342246,4.85,
17.946596,-4.081823,5.44,
17.951199,0.066665,5.95,
17.962744,29.24788,3.7,
17.963279,-41.716295,4.88,
17.975041,30.189277,4.41,
17.977514,-28.759089,5.99,
17.982135,-36.858376,5.74,
17.983775,-9.773632,3.32,
17.9848,-30.253025,5.0,
17.993545,-4.821126,5.86,
17.996543,-23.816133,4.74,
17.998946,45.501378,5.69,
18.000949,16.750919,4.67,
18.002526,80.004095,5.74,
18.004388,4.368615,4.79,
18.008058,-3.690269,4.62,
18.010754,2.931568,3.93,
18.025113,21.595782,4.26,
18.029222,1.305076,4.42,
18.031772,-22.780298,5.72,
18.039736,20.833632,5.25,
18.047527,-24.282468,5.37,
18.051367,-8.180349,4.77,
18.064568,-24.36073,5.89,
18.080662,-35.901442,5.98,
18.083674,-29.580087,4.66,
18.090913,2.500099,4.03,
18.096803,-30.424091,2.98,Alnasl
18.097114,32.230674,5.72,
18.100528,22.218879,4.96,
18.102055,-8.323956,5.84,
18.104221,-4.751252,5.74,
18.106585,-36.019788,5.94,
18.11052,-50.091477,3.65,
18.113858,-43.425216,4.92,
18.117097,30.56214,5.05,
18.121767,8.733867,4.64,
18.122496,9.563847,3.71,
18.12465,43.461891,5.0,
18.125708,28.762488,3.84,
18.130095,-17.154159,5.52,
18.130417,26.09734,5.79,
18.130434,26.10128,5.83,
18.133959,36.401264,5.49,
18.134716,-28.457093,4.55,
18.143,-63.668553,4.33,
18.14597,20.814557,4.37,
18.148018,20.045233,5.1,
18.159415,3.993276,5.71,
18.165004,3.119827,5.67,
18.166387,36.466284,5.57,
18.168281,-30.728666,5.53,
18.173948,-62.002197,5.47,
18.175443,54.286552,5.97,
18.177861,3.324256,5.5,
18.184876,-41.359113,5.86,
18.187157,-45.954418,4.52,
18.187714,-75.89151,5.86,
18.19537,-23.701235,4.96,
18.195866,33.447057,5.98,
18.198377,31.40535,4.96,
18.209482,-73.672417,5.86,
18.220194,-41.336111,5.47,
18.229392,-21.058834,3.84,Polis
18.231545,64.397287,4.99,
18.23775,-21.713164,5.49,
18.253585,-20.72827,5.29,
18.253603,-20.387974,5.96,
18.254739,68.75581,5.96,
18.260772,42.159345,5.56,
18.261289,-63.055366,5.58,
18.264843,-44.206461,5.45,
18.281417,-3.007401,5.99,
18.285426,-56.023351,5.36,
18.286563,-17.373886,5.81,
18.293793,-36.761686,3.1,
18.300886,-27.042641,4.66,
18.319316,7.259767,5.41,
18.319633,24.446059,5.3,
18.331031,36.064547,4.33,
18.335775,-15.831697,5.39,
18.338309,21.961297,4.92,
18.345955,71.337814,4.22,
18.347795,3.377165,4.85,
18.349158,29.858925,5.61,
18.3499,-29.828103,2.72,Kaus Media
18.350283,28.869954,5.12,
18.350736,72.732843,3.55,
18.355167,-2.898825,3.23,
18.356385,-18.859999,5.76,
18.359075,49.121593,5.02,
18.369083,23.285176,5.41,
18.371828,-38.656894,5.09,
18.376477,12.02968,5.99,
18.380288,17.826616,5.25,
18.38141,-36.669556,5.33,
18.386712,-12.014755,5.71,
18.387117,-61.493901,4.35,
18.39134,-36.237987,5.52,
18.393456,-75.044277,5.47,
18.394329,-8.934383,4.66,
18.394967,21.769752,3.85,
18.398507,58.800736,4.98,
18.402868,-34.384616,1.79,Kaus Australis
18.40383,39.507239,5.11,
18.405067,-44.110256,5.24,
18.417066,-30.75657,5.58,
18.422511,-20.541679,4.81,
18.427444,8.032006,5.64,
18.432996,29.82893,5.81,
18.433069,65.56348,4.82,Fafnir
18.448336,-48.117243,5.44,
18.449561,-45.968459,3.49,
18.453475,0.196108,5.2,
18.463745,-29.816865,5.9,
18.466179,-25.4217,2.82,Kaus Borealis
18.466326,6.194104,5.71,
18.474198,-38.995671,5.63,
18.480505,-49.070588,4.1,
18.486626,-14.565813,4.67,
18.488891,-80.232708,5.95,
18.493253,23.866202,5.87,
18.494717,-1.985308,5.38,
18.495823,77.547068,5.65,
18.498871,-47.220546,5.69,
18.499086,-57.523143,5.74,
18.503295,-18.728794,5.63,
18.517903,16.928556,5.76,
18.518012,-32.989114,5.37,
18.522896,-62.278302,4.63,
18.523804,-10.795836,5.77,
18.523971,-18.402697,5.12,
18.529287,-45.914814,4.92,
18.532284,-43.507383,5.71,
18.532498,-1.002977,5.93,
18.533874,-45.757382,5.07,
18.539257,-39.704001,5.16,
18.542923,57.045599,4.77,
18.545367,-14.865662,5.47,
18.546154,23.616801,5.88,
18.54721,30.554209,5.47,
18.548704,-73.965596,5.88,
18.556426,-38.725985,5.67,
18.558383,-42.31251,4.62,
18.560839,-14.853614,5.74,
18.564857,-24.032283,5.49,
18.565749,52.353517,5.38,
18.566046,-33.01656,5.28,
18.583998,-10.977206,5.12,
18.586785,-8.244073,3.85,
18.586834,18.20341,5.79,
18.591777,23.60553,5.62,
18.607731,9.122491,5.38,
18.610373,33.469036,5.41,
18.610854,6.671805,5.43,
18.61564,38.783692,0.03,Vega
18.625974,62.526591,5.74,
18.626656,-0.309472,5.76,
18.631785,-21.397725,5.93,
18.641865,-23.504893,5.78,
18.648168,-21.051871,5.85,
18.653968,-47.909767,5.84,
18.659768,-43.185878,5.42,
18.666774,-7.790799,5.82,
18.704563,-9.052549,4.7,
18.710543,55.539457,5.03,
18.71726,-71.428113,4.01,
18.725348,-8.275215,4.88,
18.727035,-64.551425,5.76,
18.729706,-38.323441,5.11,
18.730999,31.926613,5.68,
18.738711,-35.641987,4.86,
18.738984,39.670123,4.67,
18.739661,39.612721,4.59,
18.746209,37.605115,4.34,
18.746722,37.594615,5.73,
18.747112,-25.010914,5.82,
18.747205,2.060038,5.02,
18.74921,-39.686188,5.4,
18.757465,-64.871259,4.78,
18.757879,5.500128,5.82,
18.76094,-26.990778,3.17,
18.761035,20.546308,4.19,
18.762989,74.085553,5.25,
18.767911,26.66213,4.83,
18.772391,-22.392176,5.37,
18.772849,75.433964,5.37,
18.77461,-0.961692,5.89,
18.778634,52.98796,5.91,
18.778701,-10.125048,5.69,
18.783686,18.181519,4.34,
18.786242,-4.747867,4.22,
18.791375,-5.705147,5.38,
18.795726,-40.406167,5.2,
18.810538,-65.077679,5.71,
18.814024,-43.680047,5.46,
18.814829,19.32872,5.89,
18.824257,-45.8101,5.8,
18.826388,-43.434102,5.6,
18.827807,-20.324656,5.22,
18.828043,-5.912863,5.99,
18.82942,32.81282,5.93,
18.831366,32.551058,5.22,
18.834665,33.362667,3.52,Sheliak
18.849586,-9.774096,5.82,
18.853348,59.388351,4.63,
18.859712,52.975117,5.51,
18.870288,-62.187593,4.22,
18.87123,21.425142,5.43,
18.874229,-46.595119,5.51,
18.877675,-52.10737,5.18,
18.887096,50.708221,4.92,
18.895433,36.971721,5.58,
18.900025,-21.359845,5.68,
18.902827,-22.744834,4.86,Ainalrami
18.90368,27.909528,5.64,
18.90661,71.297192,4.82,
18.908412,36.898613,4.22,
18.911976,-15.603036,5.08,
18.912468,22.645076,4.57,
18.913095,48.859401,5.84,
18.91323,-87.605843,5.29,
18.914494,41.602723,5.46,
18.914588,33.968576,5.99,
18.918649,-22.671328,5.0,
18.92109,-26.296722,2.05,Nunki
18.922249,43.946088,4.08,
18.92429,6.61529,5.58,
18.92528,-16.376635,5.56,
18.93352,-23.173751,5.91,
18.935034,18.10541,5.69,
18.936995,4.203595,4.62,Alya
18.937401,4.202132,4.98,
18.938044,-42.710676,5.35,
18.940481,65.258084,5.62,
18.944582,-37.343241,5.36,
18.945851,57.814851,5.67,
18.949177,-67.233495,4.4,
18.950441,32.901273,5.2,
18.951019,-5.846314,4.83,
18.954608,2.535346,5.56,
18.955688,-20.656346,5.02,
18.962167,-21.106654,3.52,
18.967194,38.266188,5.89,
18.970763,17.360912,5.33,
18.974378,-52.938629,4.85,
18.976812,-60.20055,5.14,
18.978721,-37.107357,4.83,
18.979701,13.906648,5.91,
18.982395,32.689557,3.25,Sulafat
18.984928,13.622245,5.27,
18.989945,-12.840517,5.51,
18.993711,15.068298,4.02,
18.995966,26.230404,5.26,
19.000229,32.145514,4.94,
19.000987,-66.653618,5.98,
19.003799,50.533466,5.39,
19.012072,55.658301,5.51,
19.021488,26.291411,5.69,
19.023991,46.934812,5.0,
19.028008,-5.739115,4.02,
19.041022,-24.846826,5.63,
19.043532,-29.880105,2.6,Ascella
19.048472,-3.698987,5.4,
19.051057,-19.245686,5.96,
19.051907,-42.095105,4.74,
19.054915,-38.253147,5.73,
19.058242,-68.755544,5.89,
19.058959,1.818768,5.82,
19.065985,-51.018604,5.93,
19.073627,-31.047079,5.49,
19.07805,-21.741496,3.76,
19.081991,53.396654,5.4,
19.082687,-4.03142,5.4,
19.082741,31.744072,5.63,
19.090169,13.863478,2.99,Okab
19.094772,-15.660419,5.93,
19.10415,-4.882554,3.43,
19.10554,-52.34091,5.17,
19.106971,-37.063437,4.23,
19.11048,28.628595,5.53,
19.110665,24.250793,5.78,
19.115445,-48.299144,5.95,
19.11567,-27.670423,3.32,
19.116279,11.071228,5.07,
19.121703,36.100157,5.25,
19.123769,32.501738,5.2,
19.137973,-19.290289,5.56,
19.139156,-40.496703,4.57,
19.140507,52.425731,5.88,
19.149976,6.073207,5.23,
19.152716,76.560502,5.11,
19.157869,-37.904474,4.11,Meridiana
19.162731,-21.023615,2.88,Albaldah
19.164642,-68.424448,5.31,
19.166015,-41.892256,5.86,
19.167154,-39.340796,4.1,
19.194597,56.859213,5.13,
19.196114,31.283456,5.93,
19.201416,49.855755,5.85,
19.209225,67.661541,3.07,Altais
19.211309,-7.939518,5.35,
19.220463,-25.906786,5.79,
19.220979,-12.282584,5.51,
19.228529,2.293707,5.14,
19.229302,39.145968,4.43,Aladfar
19.231987,57.705102,5.0,
19.244319,-45.193527,5.91,
19.254822,21.232118,5.65,
19.255581,15.083651,5.58,
19.256905,30.526381,5.88,
19.259007,-25.256682,4.86,
19.259229,73.355468,4.45,
19.270289,21.390428,4.76,
19.272706,-45.466033,5.38,
19.272804,38.133731,4.35,
19.274108,14.544616,5.65,
19.275287,4.834795,5.59,
19.28504,53.368459,3.8,
19.286729,-66.661048,5.52,
19.293911,-18.952908,4.88,
19.295454,23.02554,5.46,
19.296944,11.595422,5.28,
19.309026,1.085129,5.1,
19.327597,12.37468,5.53,
19.327776,-35.421452,5.59,
19.337783,57.645129,5.91,
19.342473,-5.415766,4.98,
19.343246,-0.892161,5.46,
19.34393,-22.402535,5.59,
19.344467,65.714531,4.6,
19.361211,-17.847197,3.92,
19.362117,-15.955018,4.52,
19.364137,-18.308388,5.84,
19.372651,-0.252345,5.81,
19.377303,-44.458965,3.96,Arkab Prior
19.380801,26.262403,5.22,
19.380888,-54.423931,5.03,
19.386976,-44.799778,4.27,Arkab Posterior
19.398103,-40.61594,3.96,Rukbat
19.399027,43.388171,5.85,
19.402105,29.621338,4.99,
19.416164,11.944415,5.17,
19.41779,-29.309359,5.91,
19.421247,-24.508575,5.02,
19.422665,-13.89713,5.72,
19.424611,19.798365,5.14,
19.424906,-23.962457,5.45,
19.424972,3.114775,3.36,
19.435868,36.317896,5.17,
19.4364,-15.053251,5.71,
19.437013,20.097733,5.6,
19.438654,-21.776693,5.57,
19.440037,13.023801,5.76,
19.441302,19.891493,5.84,
19.441969,0.33857,4.64,
19.449022,-29.743225,5.66,
19.457212,52.320436,5.73,
19.463366,-54.325272,5.7,
19.472444,2.93003,5.84,
19.478427,24.664905,4.44,Anser
19.482523,24.768723,5.82,
19.483608,1.950448,5.79,
19.489487,14.596019,5.57,
19.489951,-43.445195,5.7,
19.495098,51.729779,3.76,
19.497829,-26.985615,5.46,
19.511066,-2.788887,5.03,
19.512023,27.959681,3.05,Albireo
19.51261,27.965276,5.12,
19.519709,-68.43392,5.98,
19.522039,50.306706,5.55,
19.522672,26.617171,5.89,
19.529534,34.452968,4.74,
19.539149,69.661175,4.67,Alsafi
19.54828,-53.185618,5.76,
19.556007,-45.271748,5.59,
19.568153,7.378941,4.45,
19.569024,-40.034638,5.89,
19.572161,51.23662,5.71,
19.57636,19.773403,5.0,
19.578127,42.412509,5.34,
19.580813,29.462954,5.39,
19.585349,-10.560444,5.12,
19.586942,-48.099202,4.88,
19.600459,-24.719081,5.64,
19.607372,50.221103,4.49,
19.610555,44.694936,5.17,
19.611786,-24.883623,4.59,
19.612022,-1.286601,4.36,
19.61457,11.273206,5.98,
19.614847,-7.027477,4.93,
19.617595,-18.231052,5.66,
19.621498,16.462802,5.67,
19.626227,-14.301801,5.46,
19.62981,-4.64764,5.45,
19.644769,54.973793,5.89,
19.653234,5.397773,5.18,
19.656279,30.153321,4.68,
19.657356,42.818278,5.41,
19.668275,18.01389,4.39,Sham
19.668657,-23.429086,5.97,
19.6787,-0.621233,5.64,
19.678717,-16.293268,5.3,
19.680601,45.524942,5.06,
19.68415,17.476041,4.39,
19.684869,13.815682,5.98,
19.696945,50.52506,5.99,
19.708648,-16.123996,5.06,
19.709447,11.826583,5.28,
19.71239,32.426741,5.93,
19.72598,-15.470105,5.49,
19.72859,25.771929,5.5,
19.729192,41.773108,5.86,
19.737943,37.354355,4.89,
19.738446,69.337065,5.9,
19.749574,45.13081,2.86,Fawaris
19.761096,7.613158,5.89,
19.767005,-31.908571,5.51,
19.770994,10.613261,2.72,Tarazed
19.772707,-19.761113,4.87,
19.773777,33.727598,5.0,
19.789795,18.534286,3.68,
19.79105,38.407614,5.83,
19.800321,-56.362611,5.33,
19.80285,70.26793,3.84,
19.811683,11.815896,5.75,
19.816294,19.142042,5.01,
19.823694,-72.503378,5.39,
19.837238,-47.557392,5.91,
19.842776,38.722419,5.18,
19.843702,40.599759,5.68,
19.843813,52.988001,5.03,
19.845775,-59.193667,5.41,
19.846388,8.868322,0.76,Altair
19.846329,-10.763512,5.38,
19.850456,10.415727,5.12,
19.851141,22.610046,4.9,
19.864056,-39.874367,5.32,
19.866408,47.027339,5.6,
19.867109,24.992162,5.54,
19.868658,47.931795,5.91,
19.870001,-19.044991,5.88,
19.874547,1.005661,3.87,
19.877143,-54.971026,5.76,
19.88816,57.523482,5.14,
19.888538,-3.114464,5.63,
19.891026,24.079614,4.57,
19.902299,-8.574211,5.76,
19.904134,8.461453,4.71,Libertas
19.908632,24.319388,5.56,
19.910459,-8.227289,5.7,
19.912444,0.273627,5.6,
19.913403,36.995676,5.79,
19.921026,-41.868288,4.12,
19.921887,6.406763,3.71,Alshain
19.927167,52.438948,4.91,
19.930651,-26.299506,4.7,Terebellum
19.931045,38.486705,4.95,
19.932051,58.845969,4.98,
19.933684,16.634799,5.71,
19.937292,11.423721,5.28,
19.938438,35.083424,3.89,
19.94912,-27.169899,4.54,
19.951749,-58.901351,5.24,
19.953852,40.367824,5.46,
19.962624,16.789163,5.54,
19.965842,-15.49149,5.01,
19.977216,30.983665,5.51,
19.978116,-69.163957,5.74,
19.979285,19.492148,3.51,
19.982555,-26.195767,4.84,
19.986261,23.101281,5.68,
19.989006,45.772541,5.92,
19.995605,-35.276305,4.37,
19.996485,-9.958238,5.87,
19.997595,-34.697799,5.3,
19.998665,37.042885,5.15,
20.000919,17.516511,5.33,
20.004425,-37.701719,5.95,
20.005621,-33.703452,5.65,
20.006418,-66.94936,5.75,
20.009845,-72.910504,3.97,
20.013424,-45.112918,5.8,
20.016383,8.557735,5.9,
20.018346,27.753573,4.66,
20.022655,50.104695,5.06,
20.024594,64.820974,5.22,
20.029086,24.800423,5.88,
20.029093,-59.375893,4.95,
20.03123,-66.943966,5.32,
20.032944,-13.637217,5.69,
20.03373,24.938043,5.23,
20.044299,-27.709845,4.43,
20.04696,67.873565,4.51,
20.054555,18.500993,5.99,
20.058338,16.031255,5.73,
20.059291,-37.940699,4.77,
20.060373,29.896805,5.73,
20.068399,17.070173,5.8,
20.068976,7.277966,5.51,
20.072108,-32.056296,4.99,
20.073098,-0.709309,5.67,
20.076715,32.218598,5.62,
20.08597,19.991071,5.09,
20.092444,61.99542,5.4,
20.103823,53.165688,5.81,
20.106055,35.972468,5.38,
20.114835,23.614425,5.08,
20.1231,-52.880793,4.93,
20.13384,-0.678185,5.97,
20.145157,-66.182068,3.55,
20.148145,77.711419,4.38,
20.157116,36.839621,4.93,
20.175982,26.904169,5.51,
20.186632,-36.101212,5.32,
20.188413,-0.821461,3.24,
20.193007,62.078542,5.7,
20.19666,26.80899,5.51,
20.200195,26.478806,5.91,
20.207186,-12.617497,5.84,
20.220523,-1.009339,5.44,
20.22168,46.815675,4.8,
20.223288,56.567722,4.28,
20.224331,60.640569,5.81,
20.227196,46.741329,3.8,
20.237369,28.694817,5.19,
20.237949,15.197609,4.94,
20.238617,-52.44577,5.65,
20.242229,36.806302,4.93,
20.254415,25.591957,4.79,
20.254806,-27.032977,5.73,
20.256604,33.729084,5.7,
20.257867,47.714208,3.96,
20.2584,23.508906,5.18,
20.262816,27.814242,4.5,
20.266837,45.579525,5.87,
20.279746,24.671102,5.3,
20.282024,40.365075,5.27,
20.291918,66.853687,5.91,
20.29413,-12.508212,4.3,
20.296445,38.03293,4.77,
20.300388,-21.80996,5.86,
20.300904,-12.544852,3.58,Algedi
20.301941,40.732082,5.83,
20.306876,55.397095,5.76,
20.307958,36.999803,5.58,
20.310853,34.982775,5.14,
20.323223,-19.118533,5.28,
20.326863,62.257472,5.71,
20.333386,13.548091,5.96,
20.334998,68.880317,5.59,
20.339279,17.792928,5.82,
20.344393,-12.75908,4.77,Alshat
20.350187,-14.781367,3.05,Dabih
20.3532,63.980122,5.69,
20.36762,24.446099,5.5,
20.368156,45.794994,5.58,
20.370473,40.256679,2.23,Sadr
20.374305,-42.049548,5.6,
20.379249,41.026012,5.95,
20.386304,5.342987,5.3,
20.395658,37.476449,5.87,
20.397671,32.190172,4.43,
20.398106,-42.422868,5.64,
20.424119,-28.663269,5.86,
20.427459,-56.73509,1.94,Peacock
20.427925,21.409642,5.68,
20.450624,49.383367,5.73,
20.455336,-18.211721,5.08,
20.459517,38.440332,5.63,
20.470687,81.422708,5.38,
20.481004,-17.813687,4.77,
20.488997,36.454729,5.9,
20.489926,30.368555,4.01,
20.490863,56.06819,5.89,
20.490931,81.091277,5.96,
20.493015,62.994105,4.21,
20.494167,-2.885531,4.91,
20.498307,-18.583178,5.94,
20.500983,48.951569,4.94,
20.521893,49.220297,5.44,
20.525112,74.954619,5.18,
20.539915,-9.853384,5.66,
20.553547,11.303263,4.03,Aldulfin
20.554894,-80.964862,5.76,
20.565052,35.250852,4.61,
20.565234,46.693866,5.78,
20.565297,-44.516048,5.12,
20.565845,13.027255,5.39,
20.588482,14.674213,4.64,
20.593003,-60.581749,4.75,
20.61212,-2.549957,4.91,
20.617964,26.461947,5.59,
20.625816,14.595087,3.64,Rotanev
20.626116,-47.291502,3.11,
20.626465,-61.529918,4.86,
20.630311,11.377676,5.42,
20.638501,-81.289063,5.89,
20.638967,-1.105121,4.31,
20.642038,21.201174,4.81,
20.642198,24.115958,5.06,
20.643053,23.680494,5.91,
20.645552,13.315125,5.69,
20.649867,30.334265,5.68,
20.65138,15.838199,5.99,
20.652161,10.086203,5.07,
20.654533,-14.95476,5.24,
20.656914,0.486445,5.15,
20.660635,15.912072,3.77,Sualocin
20.667347,-60.548892,5.11,
20.667485,-18.138659,5.15,
20.667549,43.458878,5.97,
20.672174,-33.431843,5.47,
20.6757,-16.12418,5.79,
20.684039,32.307287,5.53,
20.689902,-31.598289,5.75,
20.690532,45.280338,1.25,Deneb
20.699028,41.716875,5.68,
20.699186,-66.760682,5.14,
20.700731,-76.180592,5.99,
20.703508,50.34003,5.41,
20.709755,82.531158,5.75,
20.719722,66.657447,5.59,
20.724315,15.074581,4.43,
20.733966,-51.920971,4.51,
20.739457,56.488405,5.91,
20.747919,25.270617,4.92,
20.749314,-66.203212,3.42,
20.754811,61.838782,3.41,
20.755878,57.579725,4.52,
20.761043,30.719715,4.22,
20.76826,-25.270898,4.13,
20.769441,-21.514032,5.91,
20.770178,33.970256,2.48,Aljanah
20.772238,-39.199262,5.48,
20.777462,16.124134,5.15,
20.77764,16.124296,4.27,
20.786319,34.374123,4.93,
20.790149,36.490717,4.53,
20.79265,80.552262,5.36,
20.794598,-9.495776,3.78,Albali
20.795621,-5.027701,4.43,
20.796759,6.008209,5.57,
20.797025,47.831869,5.6,
20.808084,-43.988544,5.11,
20.815637,46.114134,4.81,
20.821559,-25.78124,5.86,
20.821733,-68.776521,5.41,
20.824709,-46.226826,4.9,
20.8328,-33.779722,4.89,
20.834695,44.059304,5.06,
20.844938,-12.544906,5.87,
20.850211,-37.913332,5.52,
20.857152,-5.626633,5.99,
20.857844,28.250505,5.66,
20.858347,-51.608179,5.06,
20.860681,-62.429335,5.67,
20.863692,-26.919133,4.12,
20.868801,27.096979,4.56,
20.869082,-5.507059,5.55,
20.877565,-8.983318,4.73,
20.887431,44.38726,4.8,
20.88849,45.181673,5.48,
20.894494,-39.809865,5.34,
20.898304,33.437891,5.47,
20.909344,28.057621,5.03,
20.912304,75.92557,5.99,
20.913283,-17.922894,5.78,
20.913498,-58.454155,3.67,
20.926858,13.721536,5.19,
20.927381,12.568558,5.54,
20.930501,47.417656,5.68,
20.940407,50.728598,5.83,
20.940526,49.195847,5.92,
20.942994,44.924722,5.96,
20.946479,-26.296378,5.7,
20.948341,-9.697545,5.49,
20.952893,41.167136,3.94,
20.96129,-16.031539,5.89,
20.971209,22.325908,5.3,
20.972067,44.471711,5.55,
20.973871,10.839286,5.51,Musica
20.975009,50.461791,5.59,
20.978289,-14.483128,5.95,
20.984577,4.293481,5.3,
20.984753,4.29461,5.24,
20.990377,59.438594,5.54,
20.997098,47.520951,4.74,
21.001106,7.516197,5.98,
21.005976,-51.265312,5.76,
21.007691,19.329581,5.69,
21.019702,46.155773,5.38,
21.021517,-32.257767,4.67,
21.035834,56.669614,5.83,
21.040873,-38.53097,5.93,
21.049433,-38.631447,5.32,
21.063225,53.2859,5.93,
21.067979,-5.823066,5.53,
21.073417,-19.854991,4.82,
21.076292,5.502862,5.63,
21.078621,-77.023767,5.13,
21.082184,43.927852,3.72,
21.08729,-54.727042,5.17,
21.090756,5.958199,5.94,
21.09145,78.126392,5.91,
21.099118,-17.232861,4.08,
21.100317,-30.12512,5.69,
21.10649,71.431797,5.88,
21.106855,-32.341618,5.2,
21.107087,-41.385965,5.55,
21.108401,31.184657,5.77,
21.110026,47.648403,4.56,
21.114794,38.749415,5.2,
21.118797,-25.005853,4.49,
21.142417,-63.92826,5.75,
21.142673,-21.193669,5.3,
21.144135,30.205637,5.6,
21.146119,-88.956499,5.45,Polaris Australis
21.156052,-73.172968,5.67,
21.159902,-11.371693,4.5,
21.17099,53.5631,5.75,
21.172361,10.131579,4.7,
21.196733,59.98661,5.64,
21.203806,-40.269362,5.83,
21.215607,30.226916,3.21,
21.21751,-39.424922,5.25,
21.221479,-27.619333,5.41,
21.221933,-36.423527,5.97,
21.222351,-70.126267,5.06,
21.241337,10.006981,4.47,
21.246517,38.045317,3.74,
21.260528,-20.651696,5.17,
21.261779,77.012296,5.92,
21.262456,-15.1715,5.31,
21.262738,-53.263084,5.73,
21.263731,5.247845,3.92,Kitalpha
21.290265,39.394681,4.22,
21.298632,34.896898,4.41,
21.298966,-32.172539,4.71,
21.299246,-17.985138,5.4,
21.303076,-4.519478,5.83,
21.307551,43.945945,5.04,
21.30963,62.585573,2.45,Alderamin
21.314452,11.203373,5.97,
21.321025,58.623502,5.51,
21.322828,38.237473,5.89,
21.322838,64.871855,5.19,
21.324652,49.510294,5.75,
21.331096,-53.449427,4.39,
21.346008,-40.809465,4.8,
21.351217,23.855966,5.58,
21.351199,-4.560125,5.87,
21.35134,7.354503,5.81,
21.36678,49.388848,5.68,
21.36811,19.804508,4.08,
21.370776,-16.834542,4.28,
21.381559,6.81114,5.16,
21.382293,-9.31933,5.99,
21.38347,-22.669048,5.63,
21.399672,24.274135,5.7,
21.402665,-20.851869,5.38,
21.403192,-12.878108,5.48,
21.406893,-41.006695,5.76,
21.409445,26.17456,5.67,
21.413729,80.524826,5.97,
21.420285,-9.748552,5.71,
21.421377,-3.556747,5.48,
21.422083,46.714341,5.59,
21.429729,36.667386,5.93,
21.43968,-37.829429,5.64,
21.440705,-65.366198,4.21,
21.444452,-22.411332,3.77,
21.447668,48.835168,5.29,
21.450454,-42.54793,5.5,
21.454117,-21.19621,5.78,
21.455935,37.116798,5.3,
21.461126,27.608593,5.39,
21.46282,66.809096,5.42,
21.468955,32.22533,5.75,
21.477662,70.560716,3.23,Alfirk
21.478721,-21.80718,4.5,
21.479121,-69.505386,5.47,
21.483271,22.179436,5.84,
21.490816,46.540585,5.22,
21.499137,23.638838,4.52,
21.51647,60.459432,5.53,
21.525982,-5.571172,2.9,Sadalsuud
21.534965,-41.17931,5.29,
21.537381,-33.944623,5.97,
21.549052,49.977629,5.77,
21.556534,-44.8487,5.57,
21.56635,45.591837,3.98,
21.579596,38.534054,4.87,
21.580848,-20.084274,5.7,
21.588228,-3.983305,5.79,
21.600689,45.374591,5.96,
21.603046,-26.171516,5.73,
21.615827,40.413521,5.04,
21.618008,-19.466011,4.51,
21.629197,-7.854201,4.68,Bunda
21.629285,19.318607,5.46,
21.632007,62.08194,4.76,
21.642205,5.771742,5.66,
21.649339,57.489037,5.74,
21.650329,20.265451,5.77,
21.65924,2.243558,5.1,
21.668181,-16.662308,3.69,Nashira
21.669749,43.273839,5.09,
21.691253,-77.390046,3.73,
21.692462,-14.047611,5.16,
21.698652,71.311417,4.55,
21.700192,-23.262858,5.24,
21.700301,35.5102,5.98,
21.701573,51.189622,4.69,Azelfafage
21.702809,1.285253,5.66,
21.704292,5.680137,5.3,
21.706376,41.077019,5.73,
21.710973,-18.866323,4.72,
21.717806,72.320084,5.18,
21.717888,-14.399709,5.88,
21.718465,41.15497,5.51,
21.723791,38.283589,5.69,
21.725127,58.780046,4.23,
21.733602,-14.74937,5.96,
21.73571,28.742632,4.49,
21.736433,9.875011,2.38,Enif
21.74186,17.350017,4.34,
21.742035,14.771939,5.96,
21.744092,25.645036,4.14,
21.748134,62.460567,5.94,
21.749113,-33.025781,4.35,
21.750071,-9.082428,5.1,
21.75748,61.120806,4.25,
21.767879,22.94888,5.29,
21.775583,-11.365954,5.57,
21.779891,49.30957,4.23,
21.784011,-16.127286,2.85,Deneb Algedi
21.787212,2.686124,5.63,
21.790362,60.692689,5.53,
21.795598,-30.898304,5.02,
21.804363,-47.303615,5.57,
21.830748,30.174215,5.07,
21.833369,-64.712537,5.62,
21.835749,17.285851,5.34,
21.846448,-69.629416,5.52,
21.848413,-82.718904,5.27,
21.859513,19.826682,5.78,
21.866954,55.796743,5.7,
21.874978,28.793538,5.52,
21.88438,25.92514,5.09,
21.888268,-13.551768,5.08,
21.893717,19.668437,5.69,
21.898808,-37.364852,3.0,Aldhanab
21.902881,-4.27618,5.71,
21.914766,56.611227,5.74,
21.919823,-61.886608,5.92,
21.925276,65.320809,5.84,
21.939659,-37.253655,5.45,
21.944207,63.625557,5.11,
21.948992,12.076492,5.54,
21.965293,-54.992575,4.4,
21.981532,62.697986,5.96,
21.987518,73.179896,5.04,
21.988307,-38.395096,5.5,
22.013951,-28.453736,5.43,
22.01806,0.604715,5.6,
22.018152,13.119823,5.61,
22.019232,8.257164,5.65,
22.030718,52.882253,5.79,
22.034604,58.000366,5.55,
22.049074,44.649863,5.57,
22.051044,-76.118427,5.94,
22.054572,-6.522406,5.55,
22.055486,-56.785977,4.69,
22.055234,-2.155363,4.74,
22.055287,11.386552,5.83,
22.063135,64.627971,4.26,Kurhah
22.064709,63.11992,5.26,
22.076879,-26.822359,5.97,
22.079839,-0.906343,5.29,
22.083469,62.785671,5.27,
22.085775,62.279814,5.07,
22.086481,26.673689,5.75,
22.092964,28.963981,5.69,
22.094653,5.05853,4.86,
22.096399,-0.319851,2.95,Sadalmelik
22.097496,-59.636072,5.62,
22.100543,45.014348,5.09,
22.101914,-39.543353,4.47,
22.107286,-13.869679,4.29,
22.116847,25.345112,3.77,
22.124608,19.475526,5.74,
22.130641,21.702926,5.79,
22.137209,-46.960975,1.73,Alnair
22.139722,-32.988468,4.5,
22.140537,-34.043841,4.99,
22.14972,-18.519592,5.8,
22.153789,33.172337,5.58,
22.163441,72.341207,4.79,
22.165473,-34.014967,5.37,
22.166457,33.178224,4.28,
22.169093,-32.548407,4.94,
22.169996,6.197865,3.52,Biham
22.176041,-4.266855,5.98,
22.177065,11.624539,5.78,
22.177078,-11.564939,5.43,
22.177462,70.132573,5.52,
22.180908,58.201261,3.39,
22.186069,50.823393,5.38,
22.191828,59.414488,5.05,
22.196848,56.839357,5.24,
22.197592,16.040551,5.93,
22.20056,60.759095,5.37,
22.202248,24.950641,5.97,
22.206235,63.291035,5.76,
22.213284,34.604592,5.34,
22.219501,86.107955,5.27,
22.227415,28.608017,5.87,
22.229008,-25.180905,5.58,
22.230339,45.440613,5.53,
22.231312,39.714927,4.5,
22.238342,-21.074566,5.33,
22.238542,-27.766908,5.45,
22.245656,42.95391,5.72,
22.250544,57.043587,4.18,
22.260253,-41.3467,4.79,
22.26616,37.748737,4.14,
22.274039,57.220238,5.88,
22.274045,-41.627225,5.11,
22.280012,-12.831436,5.34,
22.280565,-7.78329,4.17,Ancha
22.281268,-9.040067,5.8,
22.285139,-5.387164,5.75,
22.297409,-77.511553,5.49,
22.303505,62.804388,5.75,
22.304289,-53.627073,5.36,
22.308371,-60.259587,2.87,
22.316872,-13.304995,5.96,
22.333754,-80.439747,5.09,
22.336643,-7.821102,5.35,
22.340994,5.789498,5.37,
22.350428,46.536569,4.55,
22.355372,28.330529,4.78,
22.358632,12.205186,4.82,
22.35988,-21.59823,5.12,
22.360938,-1.387331,3.86,Sadachbia
22.385535,-45.928488,5.62,
22.391901,-24.762661,5.53,
22.392264,-7.194421,5.92,
22.392675,52.229046,4.42,
22.401912,-4.83702,5.79,
22.407517,-13.529369,5.76,
22.408609,49.476392,4.55,
22.409764,-72.255412,5.28,
22.415638,-57.797415,5.31,
22.419573,-70.431622,5.78,
22.421284,1.377401,4.8,
22.433554,70.770898,5.47,
22.442853,-16.742138,5.55,
22.443718,4.393766,5.76,
22.445122,78.785853,5.83,
22.451475,65.13227,5.52,
22.455531,-64.966354,4.51,
22.464312,4.695664,4.78,
22.477091,-67.489059,5.56,
22.477557,-39.131792,5.47,
22.480531,-0.019972,3.65,
22.485551,9.129034,5.6,
22.486174,26.763198,5.79,
22.486183,58.415198,4.07,
22.487825,-43.495565,3.97,
22.492173,47.706887,4.34,
22.495955,-43.749224,4.12,
22.496114,-27.107284,5.95,
22.498047,78.824285,5.45,
22.499427,4.43169,5.51,
22.500503,32.572638,5.64,
22.508128,43.123376,4.52,
22.510782,-10.67795,4.82,
22.521515,50.282491,3.76,
22.52509,-32.346073,4.29,
22.527168,-85.967253,5.76,
22.537851,76.226441,5.7,
22.54066,39.779733,5.88,
22.55001,-61.982122,4.91,
22.561281,56.624737,5.72,
22.567476,-1.57427,5.88,
22.57823,-20.708216,5.21,
22.589272,-0.117498,4.04,
22.593437,-23.991094,5.97,
22.596077,73.643188,5.08,
22.597857,39.634331,5.73,
22.609846,-31.663789,5.82,
22.616346,-40.591034,5.85,
22.620247,75.371811,5.8,
22.622899,51.545123,4.64,
22.629273,-4.228056,5.04,Situla
22.64386,56.795632,5.11,
22.644182,63.584472,5.19,
22.647629,-33.081347,5.66,
22.647942,19.522263,5.84,
22.654355,39.050269,4.89,
22.671779,53.845927,5.94,
22.672866,-30.658871,5.88,
22.675233,44.276305,4.5,
22.677594,-27.043617,4.18,
22.680247,-57.422322,5.98,
22.681299,14.549161,5.72,
22.691033,10.831364,3.41,Homam
22.691292,40.225449,5.25,
22.69334,41.549123,5.93,
22.695947,29.307641,4.8,
22.699293,14.516393,5.92,
22.710245,-47.210813,5.99,
22.711115,-46.884577,2.07,Tiaki
22.716704,30.221245,2.93,Matar
22.724993,-41.414347,4.84,
22.726454,-18.830375,4.68,
22.734782,39.465348,5.93,
22.734856,41.819235,5.11,
22.760519,-53.500121,4.84,
22.761331,-46.547328,5.52,
22.767692,-81.381615,4.13,
22.769497,44.546054,5.84,
22.775521,23.565654,3.97,
22.778216,12.172888,4.2,
22.791378,83.15383,4.77,
22.792535,-19.613375,5.24,
22.795213,-14.056428,5.68,
22.803067,37.416688,5.82,
22.809239,-51.316864,3.49,
22.826528,-13.592632,4.05,
22.82802,66.200408,3.5,
22.829521,55.902777,5.43,
22.833385,24.601579,3.51,Sadalbari
22.839381,41.953394,5.91,
22.839655,-80.123845,5.32,
22.850599,-39.156834,5.43,
22.850818,85.373739,5.89,
22.855817,-29.536309,5.99,
22.856268,61.69674,5.61,
22.867225,43.312417,4.95,
22.873353,9.835664,5.16,
22.875427,-32.875504,4.46,
22.87691,-7.579599,3.73,
22.883963,16.841194,5.86,
22.891307,-11.616514,5.8,
22.894488,44.749163,5.79,
22.901935,40.376907,5.82,
22.906789,84.346177,4.7,
22.910837,-15.82082,3.27,Skat
22.912632,-16.271957,5.53,
22.917399,37.076827,5.91,
22.919711,-4.987899,5.72,
22.920464,8.816166,4.91,
22.929029,36.35139,5.73,
22.932472,-32.539628,4.2,
22.939897,41.603876,5.6,
22.940555,49.733544,4.99,
22.946613,-47.969221,5.72,
22.95125,48.684068,5.34,
22.95777,20.768832,5.45,Helvetios
22.960838,-29.622236,1.17,Fomalhaut
22.986615,11.728844,5.76,
22.99096,0.962927,5.43,
22.993266,-29.462311,5.51,
23.001417,56.945374,5.1,
23.001607,-25.16418,5.66,
23.011917,3.011805,5.85,
23.014677,-52.754137,4.11,
23.018763,-50.950028,5.68,
23.02205,-28.85396,5.55,
23.025475,-4.711461,5.94,
23.032017,42.325979,3.62,
23.043436,42.757795,5.09,
23.045626,-20.870712,5.97,
23.05828,-34.749412,5.12,
23.059128,67.20921,5.25,
23.062901,28.082789,2.44,Scheat
23.064615,3.820045,4.48,Fumalsamakah
23.066566,-41.478896,5.79,
23.069702,50.052091,4.64,
23.077668,-53.964905,5.37,
23.079348,15.205264,2.49,Markab
23.08116,-68.820226,5.53,
23.086052,-7.693801,5.44,
23.110226,59.41976,4.84,
23.111345,-23.743115,4.48,
23.11465,-43.520358,4.28,
23.114894,-38.892293,5.62,
23.116739,9.409492,4.54,
23.118539,25.468259,4.76,
23.120774,-50.686681,5.81,
23.124642,21.134251,5.97,
23.127575,46.387231,5.3,
23.12926,49.295776,5.68,
23.131623,75.387496,4.41,
23.139186,-28.823697,5.6,
23.1447,2.127883,5.42,
23.157443,-21.17241,3.68,
23.158738,8.677161,5.05,
23.162261,59.332692,5.68,
23.162397,-28.088572,5.88,
23.165249,-22.457611,4.71,
23.165955,-42.861292,5.83,
23.167072,9.822082,5.39,
23.16937,-40.591547,5.9,
23.17264,-45.246711,3.88,
23.174235,43.544232,5.91,
23.17851,17.594372,5.68,
23.195608,8.720116,5.15,
23.20916,49.406207,4.53,
23.221098,57.168355,5.57,
23.224029,11.065001,5.85,
23.238711,-6.049003,4.22,
23.243622,74.231268,5.89,
23.249611,-41.105397,5.77,
23.259516,-3.49638,5.56,
23.260477,70.88808,5.55,
23.264859,-9.087737,4.24,
23.277719,-44.489166,5.92,
23.278405,53.213476,5.58,
23.280817,-7.726504,4.93,
23.282659,-62.001198,5.64,
23.286094,3.282289,3.7,
23.290498,-58.235734,3.99,
23.295732,49.0153,4.82,
23.298393,-9.182513,4.41,
23.302739,-40.824361,5.54,
23.306479,41.773676,5.98,
23.3104,68.111445,4.75,
23.313733,-32.532027,4.41,
23.316021,-9.61075,4.99,
23.318518,-13.458552,5.2,
23.323327,-5.124352,5.56,
23.323363,-18.075376,5.96,
23.324945,48.625322,5.44,
23.331225,42.078044,5.81,
23.339051,5.381307,5.05,
23.343956,23.740337,4.58,Salm
23.347097,30.414921,5.58,
23.348123,38.182326,5.77,
23.354305,-26.986769,5.65,
23.365259,31.812465,5.35,
23.375702,60.133485,5.56,
23.377547,-15.039338,5.19,
23.382842,-20.10058,3.96,
23.384602,12.31391,5.09,
23.403681,-51.891174,5.75,
23.413959,62.282806,4.96,
23.41412,32.384882,5.56,
23.422062,-56.848985,5.6,
23.422993,23.404101,4.42,Alkarab
23.434108,-20.642014,4.38,
23.44349,-52.721603,5.53,
23.448876,1.255608,4.95,
23.44999,87.307504,5.56,
23.45205,42.91201,5.75,
23.454157,-58.47611,5.63,
23.45458,70.359782,5.6,
23.461218,25.167281,5.99,
23.466138,6.378992,4.27,
23.46766,-87.482214,5.5,
23.483598,-63.110656,5.66,
23.485915,12.760554,4.54,
23.500536,58.54892,4.89,
23.52149,39.236198,5.22,Veritate
23.549512,-37.818268,4.38,
23.554618,-20.914504,4.7,
23.555432,-77.385327,5.82,
23.557804,22.498775,5.33,
23.565884,31.325277,4.97,
23.569171,-1.247567,5.91,
23.577095,40.236441,5.55,
23.577279,33.497328,5.63,
23.580378,-15.246005,5.95,
23.583065,71.642043,5.86,
23.584599,-42.615075,4.69,
23.606468,2.102222,5.68,
23.625567,44.428994,5.81,
23.626056,46.458152,3.81,
23.627655,-13.060243,5.66,
23.630827,-45.492351,4.74,
23.632445,18.400667,5.49,
23.63561,43.268073,4.29,
23.639926,-76.869552,5.99,
23.652316,50.471733,5.35,
23.652823,75.292882,5.95,
23.65582,77.632276,3.21,Errai
23.655878,74.002628,5.98,
23.663074,-14.222178,4.97,
23.665289,9.677294,5.99,
23.665844,5.626292,4.13,
23.673469,44.333932,4.15,
23.677266,-32.073125,5.3,
23.685809,-11.680655,5.89,
23.692914,-18.027077,5.36,
23.696057,-17.816533,4.82,
23.699081,7.250546,5.89,
23.700779,1.780041,4.49,
23.707729,-15.448033,5.27,
23.712039,-14.544905,4.49,
23.722878,10.331536,5.09,
23.733189,29.361454,4.93,
23.736676,-64.404451,5.73,
23.736688,-18.276938,5.24,
23.744643,-78.791442,5.74,
23.766922,-18.67834,5.28,
23.767234,46.420276,4.97,
23.773199,3.486811,4.95,
23.776869,66.782244,5.95,
23.783866,57.451359,5.55,
23.784284,58.651989,4.88,
23.787754,-11.911126,5.74,
23.787776,-50.226461,5.18,
23.798543,67.806808,5.05,
23.79904,-2.761598,5.49,
23.813937,62.214516,5.43,
23.815427,-28.130268,4.59,
23.824299,1.076131,5.77,
23.827608,28.842389,5.95,
23.828044,36.425281,5.86,
23.837425,-9.974136,5.93,
23.842579,-14.40149,5.7,
23.855902,9.313351,5.77,
23.855927,-18.909163,5.17,
23.866066,2.930384,5.59,
23.868518,-82.018818,5.1,
23.874802,19.120287,5.06,
23.874998,-14.251217,5.85,
23.876974,10.94732,5.3,
23.880702,-8.996756,5.76,
23.882101,-3.155482,5.93,
23.906398,57.499382,4.51,
23.912951,0.109309,5.78,
23.952356,55.705705,5.57,
23.955508,-62.956584,5.95,
23.959159,-82.169804,5.72,
23.959727,-64.298231,5.0,
23.962647,25.141401,4.63,
23.977883,-3.555983,4.88,
23.982155,-52.745807,5.13,
23.983482,55.754928,4.88,
23.988525,6.863321,4.03,
23.991082,-29.485168,5.59,
23.991472,33.723878,5.81,
23.998594,-65.577132,4.49,
1.663003,-56.19462,5.8,p Eridani
2.659463,-11.871068,5.6,
5.124227,18.647141,5.7,
5.277926,46.000842,0.96,
7.576827,31.89052,2.85,
8.74494,-54.708074,5.0,
9.511764,-40.465622,4.65,
9.736603,-27.769033,5.6,
11.303118,31.528783,4.33,Alula Australis
11.303118,31.528783,4.8,
12.694171,-1.449235,3.52,
13.166389,17.528977,5.17,
13.398996,54.920471,3.95,
15.063245,47.653692,5.96,
15.38663,30.2862,5.96,
16.072774,-11.374611,4.84,Graffias
16.072774,-11.374611,5.0,
16.688157,31.601207,5.4,
17.088714,54.469093,5.63,Alrakis
17.172783,-15.726921,3.4,
17.255734,-26.603215,5.07,
18.051202,-8.181708,5.24,
19.106847,-37.06474,5.0,
21.241391,10.006094,5.4,
23.165305,-22.457364,5.9,
6.39380555,-52.18111111,5.98,
14.26783333,18.91194444,5.98,
