{"mean": [12.665497968428905, 12.64036430051474, 0.06875007391635034, 12.664781252769911, 0.07789231172286204, 0.13174698390278222, 0.1821542183565282, 0.14668843792318165, 0.05112837398976044, -0.0009279710912924677, 0.007385251752385692, 0.050032044251729024, -0.0009354041741778469, 0.010040814247383302, 10.345486857494212, 0.137340990749526, 0.4176030281631341, 6.965375422412102, 0.033471952252837736, 0.10500574052567223, 0.11282223602819533, 0.003957623775945903, 0.14653220184028262, 14.106590070370448, 0.015572168171300436, 0.4633559112471039, 13.430046263857244, 13.411669671889136, 0.05681527779876775, 13.429073809754906, 0.06252582883838638, 0.12570049171770636, 0.1807704751418863, 0.11899956883186637, 0.032092884251927634, 0.0002416546519815338, 0.00817841670947197, 0.03929705738761376, 0.00014468331074218055, 0.012287991289807187, 7.852321537890488, 0.1406468609277613, 0.4208166211644989, 6.204982240776651, 0.02815755565264249, 0.09994423979797139, 0.08956601682115735, 0.003408183570069998, 0.12373884556555191, 11.951721134655154, 0.01001594186275119, 0.4611213734950845], "std": [7.833406745597465, 7.816652014835507, 0.1552619898805759, 7.832865827186824, 0.17877285132270318, 0.16681165626447877, 0.17814902938797386, 0.3330793779736198, 1.502544919776429, 0.8791182950952361, 0.6801378283427554, 0.13087693214661134, 0.9266782185064607, 0.8561075583592651, 47.959253246520795, 0.1703379245239425, 0.417988228995462, 74.06707841058306, 0.08736828469165497, 0.17337199162095945, 0.27231765268273606, 0.00853165925222819, 0.2979896805488965, 56.95311962903565, 0.7321614614058319, 0.44794327280582474, 6.912749736129926, 6.902532405485067, 0.12759468139518557, 6.912348647441694, 0.1441123073294022, 0.16579679603221048, 0.17848123838997815, 0.2712840507193598, 1.4179428570564143, 0.5320464557045739, 0.5485941146539944, 0.10666748583380598, 0.4881292985783863, 0.8351081699204598, 35.875860463584296, 0.17212377679519053, 0.4245884573342264, 67.11338207678293, 0.07191168507389292, 0.17088946464936391, 0.2182007841817702, 0.007292968273635078, 0.2654829266701142, 47.81725416150692, 0.7099104490340096, 0.45102319023004733]}