{"mean": [12.66549796842891, 12.640364300514742, 0.06875007391635055, 12.664781252769938, 0.07789231172286214, 0.1317469839027824, 0.18215421835652834, 0.14668843792318176, 0.051128373989760514, -0.0009279710912924675, 0.007385251752385686, 0.050032044251729094, -0.0009354041741778461, 0.010040814247383295, 10.345486857494187, 0.13734099074952594, 0.417603028163134, 6.965375422412111, 0.03347195225283762, 0.10500574052567191, 0.11282223602819551, 0.0039576237759459025, 0.14653220184028268, 14.106590070370459, 0.015572168171300424, 0.4633559112471035, 13.430046263857259, 13.411669671889117, 0.05681527779876772, 13.429073809754914, 0.06252582883838646, 0.12570049171770628, 0.18077047514188613, 0.11899956883186635, 0.03209288425192764, 0.00024165465198153422, 0.008178416709471987, 0.03929705738761372, 0.00014468331074218114, 0.012287991289807164, 7.852321537890494, 0.14064686092776094, 0.4208166211644991, 6.204982240776651, 0.028157555652642496, 0.09994423979797157, 0.08956601682115725, 0.003408183570070002, 0.12373884556555208, 11.95172113465514, 0.010015941862751178, 0.4611213734950853], "std": [7.833406745597468, 7.816652014835509, 0.15526198988057596, 7.832865827186838, 0.1787728513227032, 0.16681165626447894, 0.178149029387974, 0.33307937797362, 1.502544919776431, 0.8791182950952358, 0.6801378283427563, 0.13087693214661134, 0.9266782185064618, 0.8561075583592654, 47.959253246520795, 0.17033792452394247, 0.4179882289954619, 74.06707841058302, 0.08736828469165499, 0.17337199162095904, 0.27231765268273583, 0.00853165925222819, 0.2979896805488966, 56.95311962903564, 0.7321614614058316, 0.44794327280582436, 6.912749736129934, 6.902532405485057, 0.1275946813951855, 6.912348647441698, 0.14411230732940228, 0.16579679603221037, 0.17848123838997798, 0.2712840507193598, 1.4179428570564134, 0.532046455704574, 0.5485941146539948, 0.10666748583380596, 0.48812929857838616, 0.8351081699204592, 35.875860463584324, 0.17212377679519025, 0.42458845733422657, 67.11338207678283, 0.07191168507389295, 0.1708894646493642, 0.21820078418177022, 0.007292968273635078, 0.26548292667011447, 47.81725416150693, 0.7099104490340095, 0.45102319023004817]}