{"mean": [12.665497968428904, 12.640364300514712, 0.06875007391635043, 12.664781252769954, 0.07789231172286196, 0.13174698390278236, 0.18215421835652823, 0.14668843792318176, 0.05112837398976064, -0.0009279710912924664, 0.00738525175238569, 0.05003204425172907, -0.0009354041741778474, 0.010040814247383317, 10.34548685749421, 0.13734099074952597, 0.417603028163134, 6.965375422412119, 0.03347195225283766, 0.10500574052567203, 0.11282223602819534, 0.0039576237759459025, 0.1465322018402824, 14.106590070370444, 0.015572168171300452, 0.46335591124710324, 13.430046263857244, 13.41166967188914, 0.05681527779876772, 13.429073809754897, 0.06252582883838637, 0.1257004917177063, 0.18077047514188624, 0.11899956883186633, 0.03209288425192763, 0.00024165465198153403, 0.008178416709471977, 0.039297057387613736, 0.00014468331074218052, 0.012287991289807189, 7.852321537890487, 0.14064686092776094, 0.4208166211644996, 6.204982240776657, 0.028157555652642455, 0.09994423979797162, 0.0895660168211573, 0.003408183570070002, 0.12373884556555184, 11.951721134655145, 0.01001594186275119, 0.46112137349508514], "std": [7.833406745597463, 7.8166520148354905, 0.155261989880576, 7.832865827186848, 0.17877285132270324, 0.16681165626447894, 0.1781490293879739, 0.33307937797362, 1.5025449197764296, 0.8791182950952354, 0.6801378283427556, 0.1308769321466112, 0.9266782185064615, 0.8561075583592667, 47.95925324652082, 0.17033792452394253, 0.4179882289954619, 74.06707841058308, 0.08736828469165496, 0.1733719916209592, 0.27231765268273583, 0.008531659252228183, 0.2979896805488964, 56.95311962903564, 0.7321614614058317, 0.4479432728058241, 6.912749736129927, 6.9025324054850685, 0.1275946813951855, 6.91234864744169, 0.14411230732940217, 0.16579679603221043, 0.1784812383899781, 0.27128405071936007, 1.4179428570564145, 0.5320464557045738, 0.5485941146539941, 0.10666748583380596, 0.48812929857838583, 0.835108169920459, 35.8758604635843, 0.17212377679519023, 0.42458845733422707, 67.11338207678297, 0.07191168507389291, 0.17088946464936425, 0.2182007841817702, 0.007292968273635081, 0.26548292667011425, 47.817254161506874, 0.7099104490340098, 0.45102319023004794]}