{
  "Y": {
    "times": [
      61040.1426,
      61048.3321,
      61052.3504,
      61053.36,
      61060.064,
      61071.3355,
      61071.3359,
      61072.2756,
      61072.296,
      61075.2892,
      61075.3121,
      61076.275,
      61081.2898,
      61081.314,
      61086.2909,
      61089.2576,
      61089.2831,
      61090.2598,
      61090.2845,
      61099.2561,
      61100.2227,
      61101.2779,
      61114.1935,
      61115.1852,
      61132.134,
      61138.1206,
      61141.0977,
      61148.119,
      61154.0775,
      61154.0784,
      61154.1014,
      61155.0835,
      61155.1073,
      61158.0783,
      61163.0993,
      61171.0369,
      61171.061,
      61173.0418,
      61173.0423,
      61181.9761,
      61182.0006,
      61183.0375,
      61183.0618,
      61367.2925,
      61367.3172,
      61377.2585
    ],
    "values": [
      0.0,
      0.0,
      0.0,
      0.0,
      0.0,
      23.559009730815887,
      24.42617774009705,
      24.23617556310046,
      24.23205079518415,
      23.626842200756077,
      26.974259577691555,
      26.85051215251561,
      26.206033403140943,
      26.20292333180514,
      25.563315313984788,
      25.182048841589257,
      25.17877170030521,
      25.0532507633757,
      25.050076434367426,
      23.89708817005157,
      23.530869772743934,
      23.131083250045776,
      23.255121477296473,
      23.264645518762944,
      23.42741760105307,
      23.484911426447127,
      23.513502758351766,
      23.58093358657464,
      23.638157546520237,
      24.440144896507263,
      23.79914104938507,
      24.575812220573425,
      24.60760235786438,
      24.190884232521057,
      24.171126756111924,
      24.139892550825117,
      24.139797718086317,
      24.132003332650914,
      24.1320013651667,
      24.096847144345375,
      24.09675073761922,
      24.092670568870247,
      24.092574949137756,
      23.36763296365924,
      23.367535769939423,
      0.0
    ]
  },
  "z": {
    "times": [
      61040.1426,
      61048.3321,
      61052.3504,
      61053.36,
      61060.064,
      61071.3355,
      61071.3359,
      61072.2756,
      61072.296,
      61075.2892,
      61075.3121,
      61076.275,
      61081.2898,
      61081.314,
      61086.2909,
      61089.2576,
      61089.2831,
      61090.2598,
      61090.2845,
      61099.2561,
      61100.2227,
      61101.2779,
      61114.1935,
      61115.1852,
      61132.134,
      61138.1206,
      61141.0977,
      61148.119,
      61154.0775,
      61154.0784,
      61154.1014,
      61155.0835,
      61155.1073,
      61158.0783,
      61163.0993,
      61171.0369,
      61171.061,
      61173.0418,
      61173.0423,
      61181.9761,
      61182.0006,
      61183.0375,
      61183.0618,
      61367.2925,
      61367.3172,
      61377.2585
    ],
    "values": [
      0.0,
      0.0,
      0.0,
      0.0,
      0.0,
      0.0,
      0.0,
      0.0,
      24.52334016561508,
      24.539454451791865,
      24.539577736956073,
      24.544761635846765,
      24.57175947171453,
      24.571889755599827,
      24.598683551829065,
      24.61465517176782,
      24.614792454374246,
      24.620050647381355,
      24.620183623082475,
      24.668483412559876,
      24.673687230887584,
      24.679368038977188,
      24.748900871579462,
      24.754239819060924,
      24.845485914728894,
      24.877715563808845,
      24.893743173516484,
      24.931543266237718,
      24.963621635269018,
      24.963626480537474,
      24.96375030406483,
      24.96903756868272,
      24.969165699115383,
      24.98516046867012,
      25.01219168305397,
      25.024559550180538,
      25.024597101278825,
      25.027683458767775,
      25.02768423783621,
      25.041604320901033,
      25.04164249525406,
      25.043258127362446,
      25.04329599008811,
      25.330352634191517,
      0.0,
      0.0
    ]
  },
  "g": {
    "times": [
      61040.1426,
      61048.3321,
      61052.3504,
      61053.36,
      61060.064,
      61071.3355,
      61071.3359,
      61072.2756,
      61072.296,
      61075.2892,
      61075.3121,
      61076.275,
      61081.2898,
      61081.314,
      61086.2909,
      61089.2576,
      61089.2831,
      61090.2598,
      61090.2845,
      61099.2561,
      61100.2227,
      61101.2779,
      61114.1935,
      61115.1852,
      61132.134,
      61138.1206,
      61141.0977,
      61148.119,
      61154.0775,
      61154.0784,
      61154.1014,
      61155.0835,
      61155.1073,
      61158.0783,
      61163.0993,
      61171.0369,
      61171.061,
      61173.0418,
      61173.0423,
      61181.9761,
      61182.0006,
      61183.0375,
      61183.0618,
      61367.2925,
      61367.3172,
      61377.2585
    ],
    "values": [
      0.0,
      0.0,
      0.0,
      0.0,
      26.4382404088974,
      27.040868749579435,
      27.04089013549387,
      27.091130995338645,
      27.09222167698267,
      27.252252475840617,
      27.253476819450942,
      27.304958062341576,
      27.57307327352464,
      27.56687391478197,
      26.29193224012852,
      26.599161129183784,
      26.60180188715458,
      26.5851092338997,
      26.58468708939737,
      26.43135463527476,
      26.414834599812313,
      26.39680031322011,
      26.176061465693845,
      26.1591124493809,
      25.869442702799038,
      25.76712649723356,
      25.71624526655363,
      25.596245137242086,
      25.49440918513879,
      25.494393803355322,
      25.49400071333292,
      25.4772157693771,
      25.47680900665824,
      25.426032030288578,
      25.340218769315065,
      25.204558275329198,
      25.204146385349183,
      25.170292788986686,
      25.170284243551382,
      25.0175978243351,
      0.0,
      0.0,
      0.0,
      0.0,
      0.0,
      0.0
    ]
  },
  "i": {
    "times": [
      61040.1426,
      61048.3321,
      61052.3504,
      61053.36,
      61060.064,
      61071.3355,
      61071.3359,
      61072.2756,
      61072.296,
      61075.2892,
      61075.3121,
      61076.275,
      61081.2898,
      61081.314,
      61086.2909,
      61089.2576,
      61089.2831,
      61090.2598,
      61090.2845,
      61099.2561,
      61100.2227,
      61101.2779,
      61114.1935,
      61115.1852,
      61132.134,
      61138.1206,
      61141.0977,
      61148.119,
      61154.0775,
      61154.0784,
      61154.1014,
      61155.0835,
      61155.1073,
      61158.0783,
      61163.0993,
      61171.0369,
      61171.061,
      61173.0418,
      61173.0423,
      61181.9761,
      61182.0006,
      61183.0375,
      61183.0618,
      61367.2925,
      61367.3172,
      61377.2585
    ],
    "values": [
      24.74079251289368,
      25.542867432124755,
      25.936417422716215,
      26.03529706597328,
      25.727861486335254,
      25.210967074656875,
      25.21094873124533,
      25.167855471372604,
      25.16352679883149,
      24.528400198377472,
      24.523541051259777,
      24.31922346353531,
      24.533987754485874,
      24.535024145935378,
      24.748165327963132,
      24.87521749793258,
      24.876309563303078,
      24.918137808292187,
      24.91919561278825,
      25.303414188343115,
      25.3448098897934,
      25.39985241361183,
      26.07357040131806,
      26.125300567040703,
      27.009402848780155,
      25.576510018320306,
      24.863941073417664,
      24.762244043974714,
      24.675940688479887,
      24.675927652813215,
      24.675594519109016,
      24.66136970994034,
      24.66102498897684,
      24.61799280484075,
      24.545268268809945,
      24.430299482273828,
      24.429950416088104,
      24.77462112903595,
      25.195901542901996,
      24.360787804259743,
      24.358497593308485,
      24.261570257169602,
      24.259298741817474,
      0.0,
      0.0,
      0.0
    ]
  },