{"mean": [14.322451720633987, 14.28236930294009, 0.11310329777170336, 14.324328465245866, 0.12507182914953544, 0.17115817918882203, 0.2455250662479958, 0.238824547238266, 0.04510572535300215, -0.0005780511607509995, 0.007494404257576429, 0.0808001720945679, -0.0005147541315600298, 0.006328350465637741, 22.77954723439375, 0.18856670594441166, 0.5642322032148057, 10.452626156303836, 0.05518583788153587, 0.14141991299567688, 0.1817233508353794, 0.0066620722701577284, 0.19134902644583485, 30.651483281906284, -0.001373684652605262, 0.6213511388425064, 13.814994242672798, 13.788148671348523, 0.08962465082392138, 13.814417388711346, 0.09672833276110387, 0.16290053417354625, 0.24258531314879003, 0.18552989628117064, 0.03875580959621903, -0.00019872703927859508, 0.007199378737048062, 0.06024944594081943, -8.320968847391383e-05, 0.008159806098026627, 15.558694226680835, 0.19054706761309884, 0.5638898517207023, 7.661563295597348, 0.044262153901830366, 0.13520606394311513, 0.1392155541303057, 0.005527268719466429, 0.16608392990482618, 23.57845700882402, 0.009537984658128012, 0.6138618760379584], "std": [6.260571420751849, 6.240793087315068, 0.1795453691895485, 6.261388445766233, 0.20343082783370875, 0.1704722037512753, 0.16774773377666907, 0.38295818236960005, 1.7613723031196618, 0.5006598639502112, 0.49790786560367023, 0.15470705602143192, 0.5180902853637135, 0.895588620840941, 79.83086675908554, 0.17814452427841465, 0.3993528775704415, 110.13258654532066, 0.10463727434301101, 0.19221479940147218, 0.31005333533855606, 0.010164411299438415, 0.3281710993278174, 89.78233929021116, 0.867288538687071, 0.4185602581525091, 5.890654041317768, 5.877569845173356, 0.1406409275316973, 5.890733524849275, 0.157184957910513, 0.1708281210513235, 0.16955737660033543, 0.29558938297116205, 1.687629780168632, 0.6285569168453513, 0.5047849284880758, 0.11939405797004744, 0.5275318414726874, 1.428263273545463, 53.12757264851857, 0.1789626317836739, 0.40730681070693, 83.68307021349467, 0.08214728149064476, 0.1907845748738032, 0.2392140958770811, 0.00837660200806934, 0.31130876599773116, 68.32964812225843, 0.8463078972848909, 0.4245896587185474]}