{"mean": [12.86699953951772, 12.842990564910266, 0.06889324407812654, 12.867612448230137, 0.07650610605566444, 0.12473859250978292, 0.17815664724619196, 0.1455344050488618, 0.04038477506612246, -0.00046798685757887433, 0.006767988197159549, 0.04885689523567708, -0.0005729251146797097, 0.006690216583786645, 12.243929116718874, 0.13686758176636343, 0.4114463027274529, 7.502930167279433, 0.03424388439506329, 0.09936680065756673, 0.11004482685332616, 0.004025921205075351, 0.12973671709004309, 16.874041387408106, 0.0053395186998006225, 0.452998829182779, 12.45248867780255, 12.436017404326313, 0.055036051322069665, 12.451914171055716, 0.05985591017407564, 0.11924233143996416, 0.17511612818982017, 0.11433158626225264, 0.03411130751015928, -0.00010560630705095114, 0.006784313684153594, 0.03702935115575225, 3.7544575101179215e-05, 0.008383243844300243, 8.37370953135825, 0.1370495826429386, 0.40823693879507106, 5.706972723007736, 0.02770338426928615, 0.0951068443643441, 0.08525270835868064, 0.0033558952636396164, 0.11393578740304451, 12.937650742276857, 0.009608529452978964, 0.4454247470747922], "std": [7.413316193980876, 7.397936266028352, 0.15271071107012288, 7.413573391935602, 0.17263267612190905, 0.16520731485358775, 0.1788303382240361, 0.324612692262932, 1.4326859284717024, 0.8068862025441946, 0.9217498352270415, 0.12790848058810367, 0.9779094037640071, 0.8734503419376157, 58.908989283033435, 0.17082257961974384, 0.422562650134544, 90.00442372831974, 0.08739727836216328, 0.17068405918858437, 0.2605819805475777, 0.008554313412182026, 0.27472145399838305, 68.19562075596215, 0.7159630460042542, 0.45060630698352916, 7.255414785915995, 7.2450857080069015, 0.12220286896659245, 7.255167555417067, 0.1364625138263568, 0.16390666136672022, 0.1791452222586634, 0.2564358096393915, 1.3743977937947285, 0.6918818735361391, 1.257242362435314, 0.10037728780366217, 0.6429592809847646, 1.2709359779411542, 39.65181505698871, 0.1714897075158668, 0.42671876584070945, 69.30415356483223, 0.07006514224984295, 0.16851182385971752, 0.20530734577047569, 0.007136049653236542, 0.257924051534942, 52.07837232124724, 0.698254076171098, 0.4523201232677797]}