{"mean": [14.338057864576495, 14.29502177487539, 0.11804098683579937, 14.34049421713474, 0.13447351917377065, 0.17913208771786565, 0.24968831604602695, 0.2539055975332068, 0.03485382998076115, -0.0003994632254709527, 0.007070694591253942, 0.08605465621563764, -0.0003669559164010229, 0.005733450505319496, 23.521967075042518, 0.18841065087160044, 0.5690400601060744, 11.253577270386469, 0.057854263154259566, 0.1453654122716738, 0.19557292814192365, 0.006916153025962326, 0.22010153555790404, 31.11330559844741, -0.005952655157281653, 0.6318104263200219, 13.99136878725954, 13.963344799870596, 0.0929258290123285, 13.991105906270997, 0.10215830640068327, 0.17084782576661653, 0.2496221929523579, 0.19491881541772543, 0.02878349329097823, -0.00011569102265175549, 0.00663526698112403, 0.06256654878051846, -2.8903229372146355e-05, 0.007108581670296618, 15.443216040928673, 0.19349852967824904, 0.5758074738239635, 7.89563128474104, 0.04638693865889622, 0.1388528209413027, 0.1465653133049033, 0.005716248398929161, 0.17941672191375957, 23.595056107860795, 0.004482111609954126, 0.6297707552337158], "std": [6.313362536606116, 6.291611470224124, 0.18255745946417706, 6.314306034814515, 0.21484136114340444, 0.17057769253126437, 0.16573766784919808, 0.3974004865113555, 1.794851524724719, 0.44283458666925263, 0.4409497401390716, 0.15869520205060247, 0.45801300474123097, 0.790402254708835, 78.10841887235057, 0.17719543760825313, 0.3917999723536683, 119.71697129628774, 0.1069317596310444, 0.19109108802912939, 0.3266459017520521, 0.010254401569052916, 0.35532485870246827, 87.71176100455234, 0.873460840613361, 0.4117399339397805, 5.736910257621421, 5.723386088568984, 0.1421497581555428, 5.737104912931645, 0.16244028500939864, 0.1715451175120831, 0.16717463881009093, 0.3030216065548085, 1.7083066236770172, 0.5577541026266791, 0.465316387623772, 0.12078330154350438, 0.4685781128525546, 1.276762793681404, 51.74350226050001, 0.1775135281736281, 0.39940657141608876, 84.6881691102522, 0.0837771457277436, 0.19022215578253615, 0.24582680210677002, 0.0084284880549781, 0.31784981046071004, 66.99395276815126, 0.8529197706472418, 0.4165837161547385]}